id	title	slug	bucket	struggle	result_set	viral_angle	virality_score	evidence
1	Who Are You in Christ, Really?	who-are-you-in-christ	profile	identity	Chosen | Beloved | Redeemed | Sealed and Secure	Turns the most-searched Christian identity question into a personal badge ("I'm Beloved") instead of a sermon; "who am I in Christ" is an evergreen high-volume query.	95	"Who am I in Christ" returns massive results (Cru, Joyce Meyer, Navigators, Bible Study Tools 20+ verses, "28 I AM statements"); Cru/biblestudytools frame identity as chosen/loved/accepted/enough.
2	Is He the One? A Christian Discernment Profile	is-he-the-one-christian-discernment	profile	Agonizing over whether a partner is God's will or a mistake	Green Light: Pursue | Yellow: Pray and Watch | Red: Walk Away | Not Yet: Keep Growing	Answers the literal most-searched Christian dating question with a verdict people screenshot and text their friends	95	ChristianMingle 'Is He The One?' quiz; TGC says 'Will I know when I've found The One?' is 'probably the number one question'; humansexuality.org '10 biblical dating red flags'
3	Do You Have Church Hurt? (The Honest Test)	do-you-have-church-hurt	profile	church hurt	Carrying Real Church Hurt | A Spirit of Offense, Not Abuse | Survived Spiritual Abuse | Mostly Healed, a Few Triggers Left	Settles the question people quietly ask after leaving a church, with grace and zero shame; sits directly on top of proven 'religious trauma quiz' search demand	95	Multiple ranking quizzes ('Religious Trauma Test', '#1 Religious Trauma Quiz for Christian Women Ready to Heal'); YouTube 'church hurt vs spiritual abuse' and 'spiritual abuse vs a spirit of offense' videos
4	Which Overlooked Bible Person Are You?	which-overlooked-bible-person-are-you	archetype	identity	Leah (the unseen one) | Hagar (the cast-out one) | Mephibosheth (the forgotten one) | Zacchaeus (the outsider)	Flagship archetype for people who feel invisible; each result is someone God SAW and chose, turning "I'm overlooked" into "I'm seen". Pure identity-badge energy.	94	Multiple "overlooked/forgotten/underappreciated Bible characters" roundups (Mockingbird, AnsweredFaith, Crossway "5 forgotten women") center Leah ("wanted to be seen"), Hagar ("the God who sees me"), Mephibosheth, Zacchaeus.
5	Which Bible Couple Is Your Relationship?	which-bible-couple-is-your-relationship	archetype	Wondering what your relationship really mirrors	Ruth and Boaz | Priscilla and Aquila | Hosea and Gomer | Jacob and Rachel | Abigail and Nabal | Abraham and Sarah	Flagship couple-tag quiz; instantly screenshot-and-send to your partner; huge spread potential	94	Multiple 'best/most romantic couples of the Bible' listicles (Time-Warp Wife, Christianity.com, Nat Geo Jacob/Leah/Rachel); strong recognizable cast
6	Which Wounded-but-Healed Bible Figure Are You?	which-wounded-but-healed-bible-figure	archetype	healing past wounds	Joseph (Betrayed, Then Restored) | Naomi (Bitter, Then Renamed) | The Bleeding Woman (Suffering, Then Touched) | Mephibosheth (Crippled, Then Seated at the Table) | Paul (The Persecutor Made Apostle) | Hagar (Cast Out, Seen by God)	The flagship archetype for the whole cluster: maps your specific wound-to-healing arc onto a named figure who limped out the other side; hope plus honesty in one badge	94	Strong source base on each: Joseph forgiving his brothers (Genesis 50), the bleeding woman 'so much more than physical healing', Mephibosheth seated at David's table, Naomi's 'call me Mara'
7	What's Your Anxiety Style?	whats-your-anxiety-style	profile	Anxiety shows up differently for everyone and people want a name for the specific way their fear operates	The Catastrophizer | The Overthinker | The Controller | The People-Pleaser | The Avoider | The Worst-Case Planner | The Silent Carrier	A faith twist on the proven BuzzFeed anxiety-type format that hands you a named pattern plus a scripture and one next step you screenshot	93	"christian anxiety" YT videos run 100k-1M+ views; BuzzFeed "What Percent Worrier Are You?" and overthinking-archetype quizzes prove the type-me format
8	What Lie About Your Worth Do You Believe?	what-lie-about-your-worth	profile	identity	The "I'm Too Much" Lie | The "I'm Not Enough" Lie | The "I'm Unlovable" Lie | The "I Have to Earn It" Lie	Names the exact lie running your self-talk, then answers it with who God says you are; the lie label is screenshot-bait people repost as a confession.	93	Devotional corpus on "lies the enemy tells" (Proverbs31 "Shame Doesn't Get the Final Say", Seedword "10 biggest lies of the enemy", renew.org "Our Identity and the Enemy") centers on lies like "you're not good enough / not lovable / too flawed"; "feeling not good enough" is a top Christian search.
9	What Generational Pattern Are You Breaking?	what-generational-pattern-are-you-breaking	profile	Carrying family sin, trauma and dysfunction you desperately want to end	The Anger Cycle | The Absent-Parent Cycle | The Addiction Cycle | The Poverty-Fear Cycle | The Silence-and-Shame Cycle	Names the specific chain you're the first to break; cycle-breaker identity is intensely emotional and shareable	93	Pastor Vlad + Kris Reece YouTube on breaking generational curses; Exodus 20:5 third/fourth generation; Psychology Today 'What is a Cycle-Breaker?'; iBelieve breaking generational curses
10	What's Your Hidden Wound?	whats-your-hidden-wound	profile	healing past wounds	The Abandonment Wound | The Rejection Wound | The Betrayal Wound | The Not-Enough Wound | The Injustice Wound	Names the specific core wound running quietly under your reactions, then offers the verse that speaks to it; 'hidden wound / what is my core wound' is a heavily searched self-discovery hook	93	Inner-child content (Cleveland Clinic, Healthline 'heal your inner child') frames wounds as abandonment/rejection/shame; Christian 'allow God to heal the hidden wounds' devotionals use this exact phrasing
11	Can You Forgive Someone Who Isn't Sorry?	can-you-forgive-someone-who-isnt-sorry	profile	forgiving someone who hurt you	You're Ready to Release It | You're Confusing Forgiveness With Reconciliation | You're Waiting on an Apology That May Never Come | You've Forgiven but the Wound Still Aches	Tackles the single most-searched forgiveness question head-on and separates forgiveness from reconciliation; instantly shareable for anyone stuck	93	Huge search cluster: Psalmlog, Bible Boulevard, Deb Preston, iBelieve all titled 'how to forgive someone who isn't sorry'; central teaching is forgiveness without an apology and boundaries intact
12	Do You Have High-Functioning Anxiety?	do-you-have-high-functioning-anxiety	profile	People who look totally put-together are secretly running worst-case scenarios all night and feel unseen	Hidden High-Functioning Anxiety | Quiet Overwhelm | Productive Panic | The Capable Mask | Mostly At Peace	"You look fine but you're not" is an instant self-recognition hook that high-achieving Christian women screenshot and send to each other	92	Multiple therapist/Christian blogs on "high-functioning anxiety in women" describe looking capable while lying awake catastrophizing; strong niche demand
13	Which Burned-Out Bible Hero Are You?	which-burned-out-bible-hero-are-you	archetype	Exhausted believers want to see their burnout mirrored in a faith hero who hit the wall	Elijah (collapsed after the high) | Moses (carrying everyone alone) | Martha (busy and resentful) | Jonah (done and bitter) | Jeremiah (weary of the work) | Naomi (empty and grieving)	A flagship "which tired Bible hero are you" badge; Elijah-wanted-to-die is shockingly relatable and screenshot-worthy	92	"4 Bible Characters Who Experienced Burnout" and Elijah-burnout content are widely published; Elijah running exhausted and wanting to die is the go-to burnout story
14	Which Doubting Bible Figure Are You?	which-doubting-bible-figure-are-you	archetype	doubt / is my faith real	Thomas (needs proof) | John the Baptist in prison (are you the one?) | Gideon (lays out a fleece) | The father of Mark 9 (help my unbelief) | Job (demands an answer) | Sarah (laughs in disbelief)	Turns the shame of doubt into "you're in good biblical company" — Thomas, Gideon, John all doubted and were not rejected	92	TGC "My Comfort in John the Baptist's Doubt", Desiring God "How Doubting Thomas Finds Faith", Abide "5 Biblical Figures Who Turned Doubt into Devotion", Logos "Doubting John" — strong shareable demand around named doubters
15	Which Bible Figure's Waiting Season Are You In?	which-waiting-season-bible-figure	archetype	stuck in a waiting season	Joseph in Prison | David Anointed but Not Yet King | Abraham Waiting for Isaac | Moses in Midian | Hannah Praying for a Child | Sarah Past Hope	The flagship archetype for waiting: maps your exact in-between to a named biblical wait (Joseph 13 yrs, David 15, Abraham 20, Moses 40) so the limbo finally has meaning	92	Heavy sermon volume: 'When God Makes You Wait' (Abraham), 'Joseph: God Is with You in the Waiting', David's 15-yr gap; waiting-season sermons are a recurring YouTube genre
16	What's Your Comparison Trap?	whats-your-comparison-trap	profile	comparison	The Highlight-Reel Scroller | The Silent Scorekeeper | The Never-Measures-Up | The Secret Competitor	Diagnoses HOW you compare (not whether), making "comparison is the thief of joy" personal and shareable for the social-media generation.	92	"Comparison is the thief of joy" is a huge Christian sermon topic (Desiring God, Christianity Today, Perspective Ministries); sources tie it to social media envy, "smug pride or envious inferiority", and feeling "less in the end".
17	What's Your Church-Hurt Recovery Stage?	whats-your-church-hurt-recovery-stage	profile	healing from church hurt	Still in the Fog | Naming What Happened | Setting Boundaries | Grieving the Loss | Cautiously Rebuilding Trust	Maps where you actually are in healing so the chaos has a name and a next step; recovery-stage framing is exactly how the top articles structure the journey	92	Center for Action and Contemplation 'guide to healing church hurt', Sandstone Care '9 signs of religious trauma & how to heal', Crosswalk '6 healthy ways to recover from church trauma' all lay out staged recovery
18	Which Anxiety Bible Verse Is for You Right Now?	which-anxiety-verse-for-you	profile	People literally search "bible verses for anxiety" and want the one that fits their exact moment	Philippians 4:6-7 (Anxious About Everything) | Matthew 6:34 (Worried About Tomorrow) | 1 Peter 5:7 (Carrying Too Much) | Isaiah 41:10 (Scared and Alone) | Psalm 94:19 (Spiraling Thoughts) | John 14:27 (Can't Find Peace) | Psalm 56:3 (Afraid Right Now)	Turns the #1 anxiety search into a personalized verse-match badge people save as a phone wallpaper	91	"Bible verses for anxiety" is a top-volume YT/search category (100k-1M+ view videos, ASMR and meditation formats all over it)
19	What's Behind Your Spiritual Dryness?	whats-behind-your-spiritual-dryness	profile	spiritual dryness / God feels silent	Soul Fatigue (you're empty, not far) | Hidden Sin Static | The Dark Night (God is weaning, not leaving) | Distraction Drift | Unprocessed Grief	Names the real reason your quiet times went flat and gives one scripture + one next step instead of generic guilt	91	Cru "5 Things to Do When God Seems Silent", GotQuestions "God-silent-absent", Soul Shepherding dark-night articles, and Daily She Pursues "4 Reasons You May Be Feeling Far From God" all rank for this; "why do I feel far from God" is a recurring top question per Wholeheartedly Messy / Mission Hills
20	What's Your Christian Dating Pattern?	whats-your-christian-dating-pattern	profile	Repeating the same dating mistakes; not knowing why relationships keep failing	The Serial Almost | The Guarded Heart | The Fixer | The Faithful Waiter | The Rush-to-the-Altar	Names the exact loop you keep living so you can finally break it; deeply self-recognizing and screenshot-shareable	91	'Is He The One?' is called the #1 question in Christian dating (ChristianMingle, TGC 'Dating Advice You Actually Need'); 31-red-flags listicles; r/ChristianDating threads on repeating mistakes
21	Who Do You Need to Forgive?	who-do-you-need-to-forgive	profile	unforgiveness toward others	A Parent | A Former Friend | A Church or Pastor | An Ex | Yourself | God (Honestly)	Surfaces the name your heart already whispered and gently points to the first step; 'who do I need to forgive' is the universal gut-punch question	91	'Forgiving someone who isn't sorry' is a top Christian search across iBelieve, Desiring God; forgiveness content repeatedly names parents, exes, church leaders, and self as the hardest targets
22	Which Bible Figure Felt Your Kind of Anxiety?	which-bible-figure-felt-your-anxiety	archetype	People feel alone in their fear and crave proof that heroes of faith panicked too	Martha (frantic and overwhelmed) | David (hunted and afraid) | Hannah (aching and desperate) | Peter (sinking in doubt) | Elijah (burned out and hopeless) | Job (blindsided by loss) | Jonah (running from it all)	Self-recognition plus a comforting "even they felt this" badge that destigmatizes anxiety and begs to be shared	90	Articles like "16 Bible Characters Who Struggled with Anxiety" and "6 Bible Figures Who Struggled With Anxiety" rank widely; Martha "anxious about many things" is a known anchor
23	What Does Your Overthinking Spiral Look Like?	whats-your-overthinking-spiral	profile	Overthinkers replay, rehearse, and future-trip and want their specific loop named	The Replayer (rumination) | The What-If Machine (future tripping) | The Decision-Freezer (paralysis) | The Comparer | The Mind-Reader | The Rehearser	Overthinking quizzes are a proven viral genre; the faith angle adds a verse to break each specific loop	90	Overthinking Archetype Quiz and BuzzFeed "If You Overthink Too Much" prove the format; rumination/catastrophizing/future-tripping are named subtypes
24	What's Your Burnout Stage?	whats-your-burnout-stage	profile	Tired people want to know if they're just busy or genuinely burning out	Running on Empty | Cynical and Detached | Surviving on Fumes | Stretched but Okay | Recovering | Healthy Rhythm	A burnout-stage diagnostic gives a serious, share-worthy "how bad is it" verdict plus a rest-based next step	90	Pastor burnout data is stark (40% high-risk, 91% experienced it, 18% "fried to a crisp"); mom-burnout content uses "nothing left to give"
25	Do You Have Mom Burnout?	do-you-have-mom-burnout	profile	Christian moms feel they have nothing left to give and quietly fear they're failing	Burned Out and Running on Empty | Touched-Out and Overstimulated | Resentful and Guilty | Stretched Thin | Tired but Holding On | In a Good Rhythm	A laser-targeted "this is exactly my life" quiz for an enormous, sharing-prone audience of Christian moms	90	Christian mom-burnout content uses "you have nothing left to give," snapping over little things, and tired-after-sleep; high engagement niche
26	What Kind of Doubt Are You Actually Having?	what-kind-of-doubt-are-you-having	profile	doubt / is my faith real	Intellectual Doubt | Emotional Doubt | Moral / Volitional Doubt | Relational Doubt (someone hurt you) | Circumstantial Doubt (suffering shook you)	Reframes "I'm losing my faith" into a nameable type so you know how to actually treat it	90	Os Guinness's intellectual/emotional/moral framework is widely taught (Crossway, Jonathan Morrow, Travis Dickinson, crossexamined.org "most doubts are emotional not intellectual"); 412teens/Ligonier show huge demand for "is it a sin to doubt"
27	Why Does God Feel Silent Right Now?	why-does-god-feel-silent-right-now	profile	God feels silent / hearing God	You Stopped Listening | He's Speaking Through Scripture (not feelings) | The Dark Night (deliberate withdrawal) | Noise Has Crowded Him Out | He Already Answered, You Didn't Recognize It	Diagnoses the specific reason God feels quiet for YOU and hands you the next move	90	Cru, Crossway "How to Pray and Hear Back from God", Oswald Chambers "silence of pleasure" widely cited; Abide "Hearing His Whisper"; "why does God feel silent / distant" is a dominant search cluster
28	Why Do You Feel Stuck Right Now?	why-do-you-feel-stuck	profile	feeling stuck and purposeless	Stuck in Waiting | Stuck in Fear | Stuck in Comparison | Stuck in Burnout | Stuck in Disobedience	Names the exact reason you feel frozen and gives the one spiritual move that unsticks you; 'feeling stuck' is one of the most-searched life states for 20-40s	90	r/Christianity + secular r/findapath threads center on 'what am I doing with my life'; My Daily Bread 'What The Bible Says About Feeling Stuck' + 'obscurity always comes before assignment' devotionals rank highly
29	Are You Actually Behind in Life?	are-you-actually-behind-in-life	profile	feeling stuck and purposeless	Right on God's Timeline | Comparison Has Lied to You | In a Hidden Prep Season | Genuinely Drifting and Need a Step	Confronts the brutal 'everyone has it figured out' feeling with grace; the 'falling behind' anxiety is a viral evergreen for 20-40s	90	'Compare and despair' + 'feel like I'm falling behind while everyone has their life together' is documented across 20s/30s mental-health and Christian content
30	What's Your Loneliness Pattern?	whats-your-loneliness-pattern	profile	loneliness	Emotional Loneliness | Social Loneliness | Existential Loneliness | Situational Loneliness	Maps your loneliness onto the real psychological types so it feels named and validated, then points each to a biblical companion; deeply shareable for the "I feel this" crowd.	90	Psychology Today / iPractice / Oxford Gerontologist define emotional, social, existential (plus situational/chronic) loneliness as distinct types; "what kind of lonely are you" is a recognized framing.
31	What's Your Social-Media Comparison Type?	social-media-comparison-type	profile	comparison	The Doom-Scroller | The Curator | The Lurker-Comparer | The FOMO Feeler	Hyper-current quiz on how the feed messes with your worth; named types are instantly tag-a-friend material for the most relatable modern struggle.	90	Comparison-thief-of-joy sources directly blame social media for envy/depression and "feeling down on ourselves"; social-media comparison is the dominant modern form of the comparison struggle.
32	What's Your Parenting Spirit?	whats-your-parenting-spirit	profile	Doubting whether you're raising your kids the right, godly way	The Gentle Shepherd | The Firm Anchor | The Grace-First Parent | The Anxious Perfectionist | The Recovering Strict Parent	Settles the gentle-vs-biblical parenting war in a self-test moms screenshot and debate	90	TGC + Desiring God + Foundation Worldview 'Is Gentle Parenting Biblical?' is a hot debate; grace-based vs discipline (Prov 13:24 vs Eph 6:4); huge mom-guilt audience
33	Which Bible Figure's Grief Mirrors Yours?	which-bible-figures-grief-mirrors-yours	archetype	grief	Job (Lost Everything) | Naomi (Turned Bitter) | David (Wept for His Child) | Mary & Martha (Where Were You, Lord?) | Jesus (Wept at the Tomb)	The flagship grief archetype - puts a sufferer's pain inside a sacred story so they feel companioned, not alone; deeply shareable "this is me" result	90	christianityiq.com/bible-characters-who-experienced-grief, answeredfaith.com/examples-grief-bible, desiringgod.org/articles/why-jesus-wept; Naomi "call me Mara" and David weeping confirmed across sources
34	Which Bible Figure's Relationship With Money Are You?	which-bible-money-figure-are-you	archetype	greed vs generosity, wealth, contentment	Rich Young Ruler | Zacchaeus | The Widow With Two Coins | Job | Solomon	Maps your wallet onto iconic money figures; the rich-young-ruler-vs-Zacchaeus contrast is a beloved teaching hook and screams 'share your result'.	90	Institute for Faith & Culture + Redeeming God rich young ruler studies; eatyourbible rich ruler vs Zacchaeus; widow's mite generosity teaching.
35	What's Your Triggered Reaction Style?	whats-your-triggered-reaction-style	profile	emotional triggers	The Shutdown (Freeze) | The Snap (Fight) | The Vanish (Flight) | The People-Please (Fawn) | The Spiral (Overthink)	Names how your old wound hijacks you in the moment, then shows the gentler response God offers; trigger/fight-flight-freeze-fawn content is massively shared	90	Inner-child sources (Tim Fletcher, Positive Psychology) explain triggers as 'wounded inner child reacting'; 'why do I get triggered' is a high-volume search with fight/flight/freeze/fawn vocabulary
36	What's Your Path Back to God After Church Hurt?	whats-your-path-back-to-god	profile	rebuilding faith after church hurt	Through Honest Lament | Through a Safe Small Community | Through Rediscovering Jesus Apart From Religion | Through Therapy and Time | Still Finding the Door	Offers hopeful, non-pushy routes back to faith for people whose connection to God was poisoned by people; deeply saveable	90	CAC and APA (2025) on rebuilding a spiritual life after religion; recurring theme that 'God was not absent even when people failed' and lament doesn't offend God
37	Are You Angry at God? (And Is That Okay?)	are-you-angry-at-god	profile	anger at God	Yes, and You're Hiding It | Yes, and You're Wrestling Honestly | More Disappointed Than Angry | Numb and Distant Right Now	Gives permission for the taboo emotion most believers won't admit, with the reassurance that lament is biblical; rare, brave, intensely shareable	90	Christian healing content repeatedly normalizes anger at God through honest lament (the Psalms, Job); 'is it a sin to be angry at God' is a recurring, emotionally loaded search
38	What's Fueling Your Worry?	whats-fueling-your-worry	profile	People worry constantly but rarely know the root driver underneath the spiral	Fear of the Future | Fear of Losing Control | Fear of Not Being Enough | Fear of Abandonment | Fear of the Worst Happening | Fear of Failing God	Names the hidden root of your anxiety, which feels like being deeply seen, and gives a verse for that exact root	89	"Why am I so anxious" and "fear of the future" are heavy Christian search terms; Desiring God and Gospel Coalition both run high-traffic fear-of-future pieces
39	Is It Anxiety or Is It a Faith Problem?	is-it-anxiety-or-a-faith-problem	profile	Christians secretly fear their anxiety means weak faith and desperately want clarity and relief from guilt	It's Anxiety, Not Faithlessness | A Mix You Can Untangle | Mostly Spiritual Battle | Time to Seek Support | You're Being Too Hard on Yourself	Hits the guilt nerve "does my anxiety mean I don't trust God" and offers grace; deeply emotional and shareable	89	Health-anxiety and high-functioning-anxiety Christian sources directly name the guilt "if I had more faith would I be this anxious"; very common pain point
40	Why Are You So Tired?	why-are-you-so-tired	profile	"I'm so tired" is a daily refrain and people want to know what's actually draining them	Soul Tired (spiritual depletion) | People-Pleasing Drain | Hustle Burnout | Carrying Others' Weight | Decision Fatigue | Just Physically Run-Down	Names the real source behind "I'm exhausted," which feels revelatory, and points to the matching kind of rest	89	"I'm so tired" / weary-and-burdened (Matt 11:28) framing is everywhere; mom and ministry burnout content centers chronic exhaustion
41	Are You Deconstructing or Just Asking Honest Questions?	deconstructing-or-asking-honest-questions	profile	doubt / deconstruction	Healthy Questioning (faith-building) | Deconstruction Toward Rebuilding | Deconstruction Toward Exit | Faith Crisis (pain-driven) | Stuck in the Rubble	Answers the exact question deconstructing 25-45s are Googling at 2am: is this growth or am I leaving?	89	#deconstruction has ~1.1B views and #exvangelical ~233M on TikTok; iBelieve "Questioning versus Deconstructing", GotQuestions, Carey Nieuwhof "5 Reasons People Are Deconstructing", ACSD all frame the exact distinction
42	Which "When God Is Silent" Bible Figure Are You?	which-when-god-is-silent-figure-are-you	archetype	unanswered prayer / God feels silent	Job (no answer for ages) | Habakkuk (how long, Lord?) | Asaph (Psalm 73 almost slipped) | Hannah (prayed through tears) | Elijah (burned out under the broom tree) | David in the cave	Matches your silent-prayer season to a Bible figure who waited in the dark and survived	89	Carrubbers / Inspired Scripture on Psalm 88 "When God Is Silent", Franciscan Media "Biblical Laments", "faith is learning to trust God in the dark" widely shared; lament figures are vivid and relatable
43	What's Your Discernment Style?	whats-your-discernment-style	profile	how do I know God's will	The Counsel-Seeker | The Peace-Waiter | The Open-Door Walker | The Scripture-First | The Bold Mover	Reframes 'how do I know God's will' as a style you already lean on, then names your blind spot; God's-will discernment is a perennial top Christian search	89	Biola CMR 'Discerning God's Will vs Personal Desires', Core Christianity 'Non-Paralyzing Search for God's Will', and countless 'how do I know God's will for my life' searches
44	Which "Unseen by God" Moment Do You Relate To?	unseen-by-god-moment	archetype	loneliness	Hagar in the Wilderness | Elijah Under the Broom Tree | Hannah at the Temple | David in the Caves	For the person who feels God forgot them; each story ends with God showing up, reframing "does God even see me" into "He sees me". High emotional pull.	89	Hagar's "You are the God who sees me" (El Roi) is a headline theme in overlooked-character studies; "feeling unseen by God / forgotten" is a documented loneliness-and-faith struggle.
45	What's Your "Not Enough" Story?	whats-your-not-enough-story	profile	identity	Not Smart Enough | Not Holy Enough | Not Successful Enough | Not Wanted Enough	Pinpoints the specific flavor of "not enough" you carry and rewrites the ending with grace; the universal "not enough" hook is irresistibly relatable.	89	"Not good enough / not enough" is the single most cited identity lie across Cru, Daughter of Delight, and identity-verse roundups ("You are enough in Christ"); a top emotional driver.
46	Are You a Generational Cycle Breaker?	are-you-a-cycle-breaker	profile	Feeling alone as the one trying to do family differently	Born Cycle Breaker | Reluctant Cycle Breaker | Healing-but-Tired | Still-in-the-Cycle	Validates the lonely 'first to break it' calling; spawns testimony comments and shares	89	'cycle breaker' framing across YouTube/Psychology Today/Aviva Romm; refreshing-waters '5 steps to break family cycles'; oakhealthfoundation generational trauma in the Bible
47	Which Bible Parent Are You?	which-bible-parent-are-you	archetype	Parents wanting to see themselves in Scripture	Hannah | Jochebed | David | Eli | Mary | Eunice and Lois	Core parenting archetype quiz; moms and dads screenshot and tag their co-parent	89	Crosswalk/Christianity IQ 'mothers in the Bible'; Hannah (dedicated Samuel), Jochebed (trusting), Eli (permissive warning), David (grief), Eunice/Lois (faith passed down)
48	What Shame Story Are You Living?	what-shame-story-are-you-living	profile	shame	I Am Too Much | I Am Not Enough | If They Knew, They'd Leave | I Am Beyond Repair	Names the specific lie shame whispers (shame = "I am bad" vs guilt = "I did bad") - intensely personal and shareable because it exposes a hidden inner script	89	emerge.org/guilt-and-shame-are-not-the-same, thegospelcoalition.org/article/difference-between-guilt-shame (shame tied to person, lie); thelivingwell.com "Shame: The Silent Destroyer of Your Faith"
49	Is Your Phone an Idol? (A Gut-Check Quiz)	is-your-phone-an-idol	profile	phone addiction, social media, self-control	Surrendered | Tempted | Tethered | Fully Captured	Direct, slightly scary question everyone has privately asked; 'gut-check' invites honesty and the result begs to be posted.	89	Gospel Coalition 'How Do You Overcome Social Media Idolatry'; Desiring God smartphone ADD; 70% self-report phone addiction (APA).
50	What's Fueling Your Bitterness?	whats-fueling-your-bitterness	profile	bitterness and resentment	An Unhealed Injustice | A Grudge You Keep Rehearsing | Comparison and Envy | Disappointment With God | An Apology That Never Came	Diagnoses the root feeding the resentment so you can pull it instead of fighting the fruit; bitterness as a 'prison you build' is a viral framing	89	Desiring God 'we cannot cling to bitterness and God', Christianity Today 'how to deal with bitterness and resentment'; CPTSD Foundation '6 ways to let go of resentment' names rehearsed grudges
51	What Lie Did Your Wound Teach You?	what-lie-did-your-wound-teach-you	profile	inner healing	'I'm Too Much' | 'I'm Not Enough' | 'It's Not Safe to Trust' | 'It's All My Fault' | 'I Have to Earn Love'	Exposes the childhood lie still steering you and pairs it with the truth that breaks it; the 'identify the lie, find the scripture' method is a core inner-healing practice	89	Christian inner-healing teaching: 'identify every lie from childhood, find scripture that refutes it, meditate on it daily'; lies like 'not enough / unsafe to trust' dominate inner-child recovery content
52	Which Bible Figure Was Wounded by Religious Leaders Like You?	which-bible-figure-wounded-by-religious-leaders	archetype	church hurt	The Man Born Blind (Cast Out of the Synagogue) | Jeremiah (Persecuted by the Priests) | David (Hunted by God's Anointed King) | Hannah (Shamed at the Temple Door) | Jesus Himself (Rejected by the Religious Establishment)	Tells the church-hurt crowd that Scripture's own heroes were wounded by religious power, and Jesus most of all; validating, surprising, deeply shareable	89	John 9 man born blind 'thrown out', Jeremiah beaten by priest Pashhur, David fleeing Saul, Hannah judged by Eli, and Jesus rejected by the Pharisees ground the church-hurt experience biblically
53	Is It Conviction or Is It Shame?	is-it-conviction-or-shame	profile	religious trauma	Healthy Conviction From God | Toxic Shame From People | A Tangled Mix | An Old Voice That Isn't God's	Separates the Spirit's gentle conviction from the crushing shame religious trauma leaves behind; a genuine lightbulb-moment quiz	89	Religious-trauma sources name 'persistent shame, guilt, worthlessness' as core symptoms; distinguishing conviction from shame is a recurring church-hurt healing theme
54	How Anxious Is Your Attachment to God?	how-anxious-is-your-attachment-to-god	profile	Many believers secretly fear they aren't good enough for God to love and constantly seek reassurance	Anxiously Attached (need constant proof) | Avoidant (keep God at arm's length) | Earning-It (love feels conditional) | Growing Secure | Securely Attached	Reframes attachment-theory content (huge on socials) through faith; the "do you trust God's love or audition for it" hook lands hard	88	RADIANT and Proverbs 31 both publish on attachment style and your relationship with God; "am I good enough for God to love me" is a recurring anxious pattern
55	Which Fear Is Secretly Running Your Life?	which-fear-is-running-your-life	profile	People sense fear drives their choices but can't name which fear is in the driver's seat	Fear of Failure | Fear of Rejection | Fear of the Unknown | Fear of Losing Someone | Fear of Not Mattering | Fear of Death | Fear of Disappointing God	The "name the fear that secretly steers you" reveal is high-charge and the result becomes a postable identity insight	88	Fear-themed Christian content spans rejection, the future, death, and disappointing God; "do not be afraid" is the Bible's most repeated command (well-known hook)
56	Are You Actually Resting or Just Stopping?	are-you-actually-resting-or-just-stopping	profile	People collapse on the couch but never feel restored and wonder why rest isn't working	Numb-Scrolling (not real rest) | Crash-and-Burn Rest | Guilty Rest | Productive "Rest" | True Sabbath Rest	The "your rest isn't actually resting" reveal is a fresh, convicting insight that drives saves and shares	88	Biblical-rest content stresses that stopping isn't Sabbath and that we mistake numbing for rest; hustle-culture-vs-rest is a huge teaching theme
57	Is Your Faith on Autopilot?	is-your-faith-on-autopilot	profile	going through the motions / dryness	Running on Fumes (burnout) | Performance Mode (faking it) | Comfortable Coasting | Numb but Showing Up | Genuinely Resting (it's okay)	Brutally honest self-check for the Christian who shows up, smiles, says the words, and feels nothing	88	Christian Post "Feel like your faith is on autopilot", Living a Fruitful Life "Active or on Autopilot", iBelieve "Spiritually Burned Out But Still Believe", For The Church "Going Through the Motions" — heavy, recurring content theme
58	Are You in a Dark Night of the Soul?	are-you-in-a-dark-night-of-the-soul	profile	spiritual dryness / God feels absent	Yes, the Classic Dark Night | Spiritual Burnout (not the same) | Depression Wearing a Spiritual Mask | A Dry Season (normal) | Conviction You're Avoiding	Helps you tell the difference between a holy dark night, plain burnout, and something a doctor should see	88	Soul Shepherding, R.C. Sproul/Ligonier, Catholic.com, Dr. Alison Cook podcast, Testimonio "Dark Night... How to Survive It" — strong demand; Mother Teresa / C.S. Lewis hooks make it shareable
59	Do You Secretly Feel Like a Fraud at Church?	do-you-secretly-feel-like-a-fraud-at-church	profile	is my faith real / faking it	The Impostor (believe but feel fake) | The Performer (faith as role) | The Quiet Doubter | The Burned-Out Server | The Real Deal (you're harder on yourself than God is)	Names the secret "everyone here is more spiritual than me" feeling almost no one admits out loud	88	Core Christianity & TGC "The Dangers of Faking It in Ministry", For The Church / YMI "Tired of Going Through the Motions"; "feeling like a fraud" is recurring deconstruction/doubt language
60	Why Can't You Hear God's Voice?	why-cant-you-hear-gods-voice	profile	hearing God	Expecting Audible, Missing the Whisper | Too Much Noise | Not in the Word Enough | He's Confirming, You Want New | A Season of Silence on Purpose	Tells you the specific reason God seems mute to you and what to actually listen for	88	Crossway, Cru, Premier Christianity "Hear God's Voice in Troubled Times", Daily She Pursues "7 Ways to Hear God in the Silence", askaboutmyfaith "How the Holy Spirit Speaks" — dense, high-demand cluster
61	Is It God or Is It Just You?	is-it-god-or-just-you	profile	fear of the wrong choice	Mostly God's Nudge | Mostly Your Own Desire | A Healthy Mix | Too Tangled to Tell Yet	Tackles the #1 secret fear in Christian decisions head-on with a shareable, slightly cheeky title; everyone has whispered this	88	Direct match to searches 'how do I know if it's God or me'; La Vista Church + In Light of Scripture answer 'is this God or my own want' for jobs and marriage
62	What Is God Preparing You For?	what-is-god-preparing-you-for	profile	feeling stuck and purposeless	A Leadership Assignment | A Season of Rest | A Hidden Influence | A Hard but Holy Calling | Something You Can't See Yet	Reframes the stuck/wilderness season as preparation, not punishment; deeply encouraging and screenshot-worthy	88	'Obscurity comes before assignment', 'God makes men in the desert', 'God had used those 40 years to prepare Moses' all surface in wilderness devotionals
63	Are You a Leah or a Rachel?	are-you-a-leah-or-a-rachel	archetype	comparison	Leah (overlooked but chosen) | Rachel (loved but striving)	A binary "which sister" quiz in the proven Mary-or-Martha mold, but about being the unseen one vs the envied one; instantly debatable and shareable.	88	Bible.org titles Leah "The Woman No Man Loved But Every Woman Envied"; teaching corpus frames the Leah/Rachel rivalry as overlooked-vs-favored, a built-in comparison dyad.
64	Why Is It So Hard for You to Make Friends?	why-hard-to-make-friends	profile	friendship	You Wait to Be Chosen | You Fear the First Move | You Keep It Surface | You're Spread Too Thin	Names your specific friendship blocker, an enormous adult/Christian pain point, with one tiny biblical next step; "this is literally me" energy.	88	"How to make friends as an adult" is a major topic (Psychology Today, Gospel Coalition, Crosswalk "10 Ways to Make Friends if You're Lonely at Church"); share of US adults with no close friends quadrupled to 12% since 1990.
65	Which "Found by God" Story Is Yours?	found-by-god-story	archetype	belonging	The Prodigal Who Came Home | Zacchaeus in the Tree | The Lost Sheep | The Woman at the Well	For anyone who's felt lost or far off; the "God came looking for ME" payoff is profoundly moving and shareable. Belonging through being sought.	88	Second-chance/belonging corpus centers the prodigal son, Zacchaeus ("you belong with me" before he changed), and the lost sheep/coin/son ("Jesus came to seek and save the lost").
66	What's Your Love Style, Biblically?	whats-your-love-style-biblically	profile	Not understanding how you give and receive love in relationships	Covenant Lover (Ruth) | Sacrificial Lover (Hosea) | Partner-in-Mission (Priscilla) | Devoted Protector (Boaz) | Healing-in-Progress	Faith reframe of the viral love-languages/love-styles quiz; built for couples to compare and tag each other	88	Gary Chapman love languages + Truity '7 Love Styles Test' are massive; marriagesharing.com Christian attachment quiz; bible-couple love archetypes (Time-Warp Wife top couples)
67	What's Your Marriage Conflict Style?	whats-your-marriage-conflict-style	profile	Fighting the same fight, shutting down, or drifting apart	The Stonewaller | The Pursuer | The Peacemaker | The Score-Keeper | The Avoider	Couples take it together and instantly recognize their fight pattern; classic 'send this to your spouse' energy	88	r/Christianmarriage conflict/communication; Eph 4:26 'do not let the sun go down'; 'quick to listen slow to speak'; emotional-distance and roommate-marriage themes
68	What's Your Grief Style?	whats-your-grief-style	profile	grief	Tearful Lamenter | Quiet Carrier | Busy Doer | Hidden Griever	Names HOW you grieve (intuitive vs instrumental vs dissonant) so people who feel they grieve "wrong" finally feel seen and validated	88	Grief-styles framework (Martin/Doka intuitive vs instrumental vs dissonant) widely covered: shiftingtidestherapyny.com, whatsyourgrief.com, en.wikipedia.org/wiki/Intuitive-instrumental_grief; high emotional resonance for "am I grieving wrong" searchers
69	Which Forgiven Bible Figure Are You?	which-forgiven-bible-figure-are-you	archetype	guilt	Peter (Denied, Restored) | Paul (Former Enemy) | The Prodigal (Came Home) | The Woman Caught in Adultery (No Condemnation) | David (After the Fall)	Maps your past-sin story onto someone Scripture forgave - offers hope that "if God restored them, He can restore me"; highly shareable redemption frame	88	crosstalk.ai biblical examples of forgiven serious sins, pastorjasonelder.com Jesus reinstates Peter John 21, bible.org David & Bathsheba consequences
70	What's Your Money Spirit?	whats-your-money-spirit	profile	financial stress, greed vs generosity, contentment	The Hoarder | The Giver | The Worrier | The Free Spender | The Steward	Everyone secretly wonders if their money habits are godly or greedy; a 4-archetype money-personality reveal is endlessly shareable and quietly convicting.	88	GotQuestions 'is it a sin to want money' + Tithely 19 Bible verses on greed/wealth; Hebrews 13:5 contentment framing; high search volume on Christian money attitudes.
71	Why Can't You Trust Church Again?	why-cant-you-trust-church-again	profile	rebuilding trust after church hurt	A Leader Abused Their Power | You Were Shamed for Asking Questions | Community Turned on You | You Saw Behind the Curtain | You're Just Not Ready Yet	Validates the wall you put up and reframes slow trust as wisdom, not weakness; 'can't go back to church' is a raw, relatable confession	88	Biblical Counseling Coalition 'learning to trust again after church hurt' (trust built on evidence of the Spirit, not time); 9Marks and F. Remy Diederich on the 'walking wounded' misreading new churches
72	What's Keeping You Stuck in Unforgiveness?	whats-keeping-you-stuck-in-unforgiveness	profile	holding a grudge	You Think Forgiving Means It Was Okay | You're Protecting Yourself From More Hurt | You're Waiting for Them to Pay | Forgiving Feels Like Losing	Diagnoses the belief jamming the lock on forgiveness; reframes the myths that keep people imprisoned in resentment	88	Mayo Clinic 'letting go of grudges', Renovare 'release resentment'; Christian teaching that unforgiveness 'gives your offender ongoing power' and is a self-built prison
73	Are You Healing or Just Avoiding?	are-you-healing-or-just-avoiding	profile	healing past wounds	Truly Healing | Numbing and Calling It Peace | Spiritually Bypassing the Pain | Stuck but Honest About It	A gentle gut-check that distinguishes real healing from spiritual bypassing; the provocative either/or drives shares and self-reflection	88	Recovery sources warn against 'spiritual bypassing' and numbing; Christian teaching that 'God validates pain before He heals it' counters pretending you're fine
74	Which Healing Encounter With Jesus Is Yours?	which-healing-encounter-with-jesus	archetype	emotional healing	The Bleeding Woman (Reached Out in Desperation) | The Invalid at Bethesda ('Do You Want to Get Well?') | The Woman Caught in Sin (Released From Shame) | Bartimaeus (Cried Out for Mercy) | The Leper (Untouchable, Then Touched)	Maps you to the Gospel healing scene that mirrors your story and gives you Jesus' exact words to you; comforting, gospel-centered, eminently screenshot-worthy	88	Gospel healing encounters: the bleeding woman 'your faith has healed you', Bethesda 'do you want to get well?', the woman caught in adultery, blind Bartimaeus, the cleansed leper; hope-forward and saveable
75	Are You Stuck in Worst-Case-Scenario Mode?	are-you-stuck-in-worst-case-mode	profile	Catastrophizers mentally rehearse disasters and want to know how deep they're in	Full Catastrophe Mode | Frequent Spiraler | Situational Catastrophizer | Mostly Grounded | Anchored in Hope	The "I always assume the worst" confession is universal and the result gives a takeable thought-captive next step	87	"How to stop catastrophizing: a Christian woman's guide" and future-tripping content show strong demand for naming worst-case thinking
76	Is Your Yes Burning You Out?	is-your-yes-burning-you-out	profile	Christian people-pleasers say yes until they resent everyone and want to see the damage	Chronic Yes (heading for collapse) | Guilt-Driven Yes | Boundary-Less | Learning to Say No | Healthy Boundaries	The people-pleasing-to-burnout pipeline is intensely relatable to Christian women and the result gives permission to say no	87	"People-pleasing leads to burnout and resentment" is a documented pattern; Christian-women-as-conditioned-people-pleasers content ranks well
77	What Stage of the Faith Journey Are You In?	what-stage-of-the-faith-journey-are-you-in	profile	doubt / distance from God	Discovery | Belonging / Discipleship | The Productive Life | The Wall (inward journey) | Outward Love (the far side)	Maps your wrestling onto the famous "Wall" of the Critical Journey so your crisis finally makes sense	87	Hagberg & Guelich "The Critical Journey" and Fowler "Stages of Faith" are heavily blogged (Becoming Me podcast, Restoring The Heart, 2nd Half Collaborative); "the Wall" is a sticky, shareable concept
78	Why Aren't Your Prayers Being Answered?	why-arent-your-prayers-being-answered	profile	unanswered prayer	It's a "Not Yet" | It's a Loving "No" | A Heart Barrier (unforgiveness) | Wrong-Motive Asking | He Answered Differently Than You Asked	Gently names which of the classic reasons fits your situation instead of leaving you feeling ignored	87	JD Greear "5 Reasons", Billy Graham, GotQuestions "unanswered-prayer", For the Gospel "8 Reasons", Wayne Stiles — massive, durable search demand around "why won't God answer my prayers"
79	What's Really Driving Your Deconstruction?	whats-really-driving-your-deconstruction	profile	deconstruction	Church Hurt | Intellectual Questions | Hypocrisy You Witnessed | A Prayer God Didn't Answer | Inherited Faith You Never Owned	Surfaces the actual root of your deconstruction so you know whether to rebuild or grieve	87	Carey Nieuwhof "5 Real Reasons", Answers in Genesis "Breaking Down Deconstruction", Sophia Society, Wikipedia "Faith deconstruction" all enumerate church-hurt/hypocrisy/intellectual roots; massive TikTok scale
80	Are You Spiritually Burned Out or Spiritually Dry?	burned-out-or-spiritually-dry	profile	spiritual dryness / burnout	Burnout (you gave too much) | Dryness (a normal desert) | Depression (needs care) | The Dark Night | Disillusionment (a belief broke)	Untangles four things people blur together so you stop treating burnout like a sin problem	87	iBelieve "Spiritually Burned Out But Still Believe... Faith Fatigue", ACS Technologies "Spiritual Burnout in Churches", Soul Shepherding dark-night; growing burnout/deconstruction overlap
81	Which Reluctant Believer Are You?	which-reluctant-believer-are-you	archetype	doubt / is my faith real	Gideon (test it twice) | Thomas (show me) | Nicodemus (come at night) | Naomi (call me Mara, I'm bitter) | The Mark 9 Father (I believe, help me) | Nathanael (can anything good come?)	Casts your half-hearted, suspicious faith as a real Bible character instead of a failure	87	Abide "Biblical Figures Who Turned Doubt into Devotion", BibleStudyTools on Thomas, TGC John the Baptist; reluctant/skeptical figures are vivid, share-friendly, and net-new vs existing apostle quiz
82	What's Your God-Given Calling Style?	whats-your-calling-style	profile	what am I here for	The Builder | The Healer | The Messenger | The Shepherd | The Maker | The Bridge	Distinct from a generic calling profile: typed by HOW you're wired to serve, not gifts inventory; turns 'what am I here for' into an identity badge	87	iBelieve '6 Questions to Identify Your Calling', LeTourneau 'What is a Calling', and existing 'What Is My God-Given Purpose' quizzes prove strong demand
83	Which Quarter-Life Crisis Are You Having?	which-quarter-life-crisis	profile	quarter-life crisis	The Career Spiral | The Purpose Panic | The Faith Wobble | The Comparison Trap | The 'Is This It?' Drift	Names the specific flavor of the 20s/30s unraveling with a faith lens; quarter-life crisis is a highly shareable, self-deprecating hook	87	ChristianChat 'quarter-life crisis in your 20s/30s' thread + Groundwork 'Feeling Lost in Your 20s and 30s' confirm this exact language and audience
84	Why Hasn't God Answered Yet?	why-hasnt-god-answered-yet	profile	waiting on God	He's Preparing You | He's Protecting You | He Already Answered, Just Not How You Hoped | The Answer Is 'Wait'	Speaks to the painful silence in waiting/decision seasons with four merciful possibilities; deeply emotional and saveable	87	Joyce Meyer 'When, God, When?', 'a closed door is protection not rejection', and the universal ache of unanswered prayer in waiting content
85	What's Your Hidden Insecurity?	whats-your-hidden-insecurity	profile	identity	Fear of Being Found Out | Fear of Not Mattering | Fear of Rejection | Fear of Falling Behind	Surfaces the insecurity you mask, with a gentle scripture reframe; "the thing I never say out loud" framing drives private shares and saves.	87	Identity-in-Christ resources (Cru, Esther Dorotik "Overcoming the Lies Lurking Within") name hidden fears of being unlovable/not enough; "feeling not good enough" and impostor feelings are recurring Christian struggles.
86	Gentle Parenting or Biblical Discipline: Where Do You Land?	gentle-parenting-or-biblical-discipline	profile	Torn between gentle-parenting trends and traditional biblical discipline	Mostly Gentle | Balanced Grace-and-Truth | Mostly Structure | Still Figuring It Out	Puts you on the most-argued Christian-mom spectrum of the moment; comment-bait and shareable	87	Multiple major outlets debating gentle parenting biblically (TGC, Desiring God, iBelieve, Women in Apologetics); punishment vs natural consequences
87	Which Generational Curse Are You Called to Break?	which-generational-curse-are-you-called-to-break	archetype	Identifying the specific bondage running through your bloodline	Anger and Abuse | Addiction | Fatherlessness | Fear and Poverty | Pride and Control	Names your specific spiritual battle as a calling; testimony-comment and share magnet	87	Pastor Vlad 'bloodline patterns'; Kris Reece 'how to break generational curses'; kingdomblueprint777 generational curses; recognizable curse categories
88	What's Blocking You From Receiving Forgiveness?	whats-blocking-you-from-receiving-forgiveness	profile	guilt	Guilt You Keep Re-Paying | Shame You Hide | A Sin You Think Is Too Big | Not Feeling Forgiven	Targets the exact searcher who knows God forgives but can't FEEL it - reframes self-forgiveness as receiving grace already given	87	lachristiancounseling.com/how-to-forgive-yourself, epm.org "struggle to forgive yourself", proverbs31.org Lysa TerKeurst "person I'm struggling to forgive is me"
89	Where Is God in Your Pain Right Now?	where-is-god-in-your-pain-right-now	profile	suffering	The Silent God (Felt Absence) | The Refining God (Purpose) | The Weeping God (With You) | The God You're Angry At	Meets the #1 suffering question head-on and gives language to where someone actually IS with God in their pain instead of where they "should" be	87	billygraham.org/articles/suffering-why-does-god-allow-it, davidjeremiah.org makingsense suffering, thinke.org/blog/god-allow-suffering (huge search demand)
90	What Habit Is Quietly Running Your Life?	what-habit-is-running-your-life	profile	addiction, self-control, breaking bad habits	The Phone | The Snack/Comfort | The Scroll-Compare | The Escape Vice | The Overwork	The 'quietly running your life' framing is irresistibly self-aware; surfaces the secret habit people half-know rules them.	87	Desiring God 'Smartphone Addiction and Our Spiritual ADD'; APA stat 70% feel phone-addicted, 7.5 hrs/day average; idolatry-of-habit teaching.
91	Which Toxic Church Pattern Did You Survive?	which-toxic-church-pattern-survived	profile	leaving a toxic church	The Control Culture | The Celebrity Pastor | The Shame Machine | The Us-vs-Them Bubble | The Spiritual Bypassing	Helps you name the exact unhealthy system you escaped, which is itself a documented first step to healing; high recognition, very shareable	87	Sandstone Care and CAC list high-control environments, shame, and identity-suppression as marks of spiritual abuse; 'name what happened to you' is cited as the validating first step
92	How Bitter Have You Become? (Be Honest)	how-bitter-have-you-become	profile	bitterness	Barely a Seed | A Root Taking Hold | A Wall Around Your Heart | Bitterness Is Driving Now	A brave, mirror-like self-assessment with a redemptive off-ramp; the 'be honest' framing invites confession and sharing	87	'Root of bitterness' (Hebrews 12:15) imagery; Desiring God and Christianity Today frame bitterness as a hardening that 'pulls us away from the Lord' if left unchecked
93	Which Faith-Deconstruction Stage Are You In?	which-faith-deconstruction-stage	profile	deconstruction after church hurt	The First Cracks | Angry and Questioning Everything | Sifting What's Real From What Was Control | Quietly Rebuilding | Reconstructed, on Your Own Terms	Names where you are in the messy faith-shift after church hurt without judgment; deconstruction is a high-volume, identity-defining conversation	87	r/religioustrauma and deconstruction content frame a staged journey (questioning, anger, sifting, rebuilding); APA covers rebuilding meaning after leaving high-control religion
94	Which "Fear Not" Bible Moment Is Yours?	which-fear-not-moment-is-yours	archetype	People in panic want to stand inside a Bible scene where God showed up in the fear	Joshua "Be Strong and Courageous" | Elijah Fed by the Angel | Disciples in the Storm | Peter Walking on Water | Gideon "The Lord Is With You" | Mary "Do Not Be Afraid" | Daniel in the Lions' Den	A vivid "which scared-then-rescued Bible scene is you" badge built on the Bible's most-repeated command, fear not	86	"Fear not" / "do not be afraid" verse roundups are everywhere; Elijah-fed-by-the-angel and disciples-in-the-storm are go-to anxiety scenes in Christian content
95	Which Psalm Is for Your Anxiety?	which-psalm-for-your-anxiety	profile	People reach for the Psalms specifically when fear hits and want the one matched to their anxiety	Psalm 23 (Fear of Loss) | Psalm 46 (Chaos and Overwhelm) | Psalm 91 (Fear for Safety) | Psalm 139 (Feeling Unseen) | Psalm 56 (Afraid Right Now) | Psalm 121 (Fear of the Future) | Psalm 34 (Drowning in Worry)	A clearly distinct anxiety-specific angle on the Psalms that matches how people actually use them in panic	86	Psalms dominate "bible verses for anxiety" lists; David's anxiety in the Psalms is a recurring teaching anchor across counseling sites
96	What's Your Hustle-Culture Trap?	whats-your-hustle-culture-trap	profile	Christians feel their worth is tied to productivity and want to name the lie they've believed	Worth = Output | Can't Say No | Always Available | Rest Feels Lazy | Comparison-Driven Grind | Saving Everyone	Calls out the "my value is my productivity" lie that hustle-weary believers recognize instantly	86	Hustle-culture-vs-Sabbath content repeats that "your worth isn't your productivity"; high-functioning anxiety wears the costume of hustle
97	Are You Headed for Burnout? (Warning-Signs Check)	are-you-headed-for-burnout	profile	People want an early-warning read before they fully crash	Code Red (burnout now) | Flashing Warning Lights | Early Signs | Stretched but Stable | Sustainable Pace	An early-warning quiz creates urgency and a "send this to a friend who needs it" share moment	86	Burnout warning-sign checklists (headaches, tiredness after sleep, snapping, dread) are standard in mom/ministry burnout articles
98	Is It a Sin to Doubt? (What Your Doubt Says About You)	is-it-a-sin-to-doubt-what-yours-says	profile	doubt / fear of losing faith	Honest Seeking Doubt (not sin) | Faith Wrestling (Jacob-style) | Avoidance Doubt (dodging conviction) | Assurance Anxiety | Cynical Drift	Settles the fear "does doubting mean I'm not really saved?" by reading what's under your doubt	86	GotQuestions "salvation-doubt", 412teens, Ligonier "Can I Have Assurance If I Regularly Doubt", Focus on the Family, Brandon's Desk "Is it a sin to doubt your salvation" — high-anxiety, high-search question
99	Which Bible Prayer of Lament Is Yours Right Now?	which-lament-prayer-is-yours-right-now	archetype	unanswered prayer / God feels silent	Psalm 88 (darkness, no resolution) | Psalm 13 (how long?) | Psalm 42 (why so downcast) | Habakkuk's complaint | Job's cry | Jeremiah's bitter honesty	Hands the wrestling Christian a real prayer that lets them be brutally honest with God	86	Carrubbers Psalm 88 "When God Is Silent", Grace Church "Praying the Psalms Like Jesus", Pastor Jason Elder "Bible Verses About Lament", scielo Psalm 88 study — lament is trending in honest-faith content
100	Are You Closer to Walking Away or Coming Back?	closer-to-walking-away-or-coming-back	profile	distance from God / deconstruction	Drifting Out | Stuck at the Wall | Quietly Returning | Rebuilding Stronger | The Prodigal Turning Point	A raw directional read for the person who isn't sure which way their faith is actually moving	86	On The Line Ministries / Truthfully Michelle "Coming Back to God After Falling Away", Grace Blog, prodigal-return content is huge; pairs the leaving (deconstruction) and returning searches
101	Why Does God Feel Hidden? (What's Really Going On)	why-does-god-feel-hidden	profile	distance from God / God feels silent	He's Protecting Your Free Will | He's Closer Than the Feeling | A Sin Cloud | You're Looking for Him Wrong | The Refining Silence	Tackles the raw "if You're real, why do You hide?" question without dismissing the pain	86	CS Lewis Institute "If God Is Real, Why Does He Feel So Hidden", Catholic.com "10 Reasons for a Hidden God", flawedtheology "Divine Hiddenness", raisingjesus "Why Doesn't God Just Show Up" — high-charge apologetic-meets-personal
102	What's Keeping You From Making the Decision?	whats-blocking-your-decision	profile	big decisions	Fear of the Wrong Choice | Waiting for a Sign | Too Many Good Options | Other People's Opinions | Quiet Disobedience	Diagnoses analysis paralysis precisely; 'I can't decide' is universal and the result instantly feels like a mirror	86	Craig Groeschel 'When You Just Can't Decide', Church of Pentecost 'Analysis Paralysis: Struggle of an Overthinking Youth', '35,000 decisions a day' framing
103	What's God's Plan for This Season of Your Life?	gods-plan-for-this-season	profile	what's God's plan for me	A Season to Build | A Season to Wait | A Season to Heal | A Season to Risk | A Season to Rest	Directly answers 'what is God's plan for me' but scoped to NOW, which feels less daunting and more clickable	86	'What's God's plan for my life' is a top Christian search; season-based teaching ('everything beautiful in its time') is everywhere
104	Are You Waiting on God or Is God Waiting on You?	waiting-on-god-or-god-waiting-on-you	profile	waiting on God	God Is Building Your Patience | You're Avoiding an Obedient Step | A Mix of Both | The Wait Is Almost Over	A clever role-reversal title that reframes passive waiting; the twist makes it intensely shareable and conviction-inducing	86	'Sometimes God requires us to move forward in uncertainty' + 'God asked for obedience, not perfection' counter the passive-waiting mindset
105	Do You Have Christian Impostor Syndrome?	christian-impostor-syndrome	profile	identity	The Fraud Feeling | The Never-Holy-Enough | The Comparison Christian | The Secure-in-Grace	Names the "I'm faking my faith / everyone's holier than me" feeling so many carry silently; the diagnosis itself is the shareable hook.	86	Identity/lies devotionals describe believers feeling "you've committed too many sins, God can't really love you"; impostor-style "am I a real Christian / not holy enough" is a common quiet struggle surfaced in identity content.
106	Which Outsider Woman of the Bible Are You?	outsider-woman-of-the-bible	archetype	belonging	The Woman at the Well | Hagar | Ruth the Foreigner | The Bleeding Woman	For women who feel on the margins; each was an outsider Jesus/God moved toward. Distinct from generic woman-of-the-Bible by its "outsider/unseen" lens.	86	Crossway "5 Stories of Forgotten Women", Almost Heretical and HISsparrow lists spotlight marginalized women (woman at the well, Hagar, Ruth, the bleeding woman) as outsiders God sees and includes.
107	What's Your Attachment Style in Christian Relationships?	attachment-style-christian-relationships	profile	Anxiety, avoidance and clinginess sabotaging dating and marriage	Secure in Christ | Anxious-Reaching | Avoidant-Walled | Fearful-Torn	Rides the huge attachment-style trend with a faith lens; explains why you panic or pull away	86	marriagesharing.com 'Attachment Style Quiz For Christians' (secure/anxious/avoidant/fearful); Psychology Today attachment tests; Christian Connection 'if you're attached'
108	Are You Healing from Purity Culture?	are-you-healing-from-purity-culture	profile	Carrying shame about your body and sexuality from church teaching	Deeply Wounded | Actively Healing | Mostly Free | Never Affected	Names a wound a whole generation shares; emotionally charged and intensely shareable in deconstruction circles	86	'I Kissed Dating Goodbye' fallout; Joshua Harris renouncing it; Sojourners/ChoosingTherapy/Religion News on purity-culture shame and healing
109	Is It Guilt or Shame You're Carrying?	is-it-guilt-or-shame-youre-carrying	profile	shame	Mostly Guilt (Conviction) | Mostly Shame (Condemnation) | A Tangle of Both | Old Shame Wearing Guilt's Mask	Teaches the conviction-vs-condemnation distinction as a self-test - clarifying and freeing, names what the enemy uses to keep you stuck	86	women.lifeway.com conviction/shame/guilt, belovedwomen.org condemnation vs conviction, krisreece.com decipher guilt shame conviction condemnation
110	Can God Forgive This? What Your Answer Reveals	can-god-forgive-this-what-your-answer-reveals	profile	guilt	You Fear You're Beyond Grace | You Believe But Can't Feel It | You Hide One Secret Sin | You're Ready to Receive Mercy	Speaks directly to the "I feel unforgivable" searcher and gently dismantles the lie that any sin is too big - high-demand, deeply tender	86	levaire.com forgive yourself for something unforgivable, pursuegod.org how to forgive the unforgivable, footprintsofinspiration.com forgive past mistakes and sins
111	What's Your Hidden Stage of Grief?	whats-your-hidden-stage-of-grief	profile	grief	Numb Shock | Bargaining With God | The Anger You Won't Admit | Quiet Acceptance | Stuck in Sorrow	A faith-aware spin on grief stages that names the stage you're secretly in - very high search demand, comforting, eminently shareable	86	christchurchwoodford.org christian stages of grief; grief-stages content is perennially high-volume and emotionally sticky
112	Which Bible Figure's Temptation Are You Fighting?	which-bible-temptation-are-you-fighting	archetype	lust, greed, willpower, temptation	David (Lust) | Achan (Greed) | Esau (Appetite) | Samson (Weakness) | Jesus in the Wilderness	Pairs your private battle with a Bible figure who fought the same one; the David/Samson lust angle plus a redemptive Jesus option makes it deeply shareable.	86	Self-control biblical examples (Joseph, Paul) from Life Hope Truth; David/Samson temptation narratives; Jesus' wilderness temptation as the overcomer model.
113	Is It a Sin to Want to Be Rich? (Heart Test)	is-it-a-sin-to-want-to-be-rich	profile	greed vs generosity, ambition, love of money	Healthy Desire | Slippery Slope | Love of Money | Already Free	Answers the single most-Googled Christian money question as a personal test; the title is a perfect SEO + curiosity magnet.	86	GotQuestions 'love of money root of evil'; Catholic Answers 'Sin of Greed'; TGC 'How Can I Know if I'm Being Greedy'; 1 Tim 6:10 misquote angle.
114	Are You Secretly Jealous of Others' Success?	are-you-jealous-of-others-success	profile	envy of success, comparison, contentment	Genuinely Happy | Quietly Comparing | Resentful | Consumed By Comparison	Comparison/envy is the defining modern struggle; 'secretly jealous' is a high-curiosity, high-share confession-style hook.	86	Christian Publishing House 'Social Media Comparison and Envy'; Sunnybrook 'Overcoming Comparison and Envy'; envy says 'I hope he fails' framing.
115	Are You Ready to Find a New Church?	are-you-ready-to-find-a-new-church	profile	finding a church after leaving one	Heal First, Don't Rush | Ready to Visit but Stay on the Edges | Ready to Try Belonging Again | You Don't Owe Anyone a Timeline	Answers the loaded 'should I go back?' question with permission to go slow; church-shopping-after-hurt is a defined, searched need	86	F. Remy Diederich 'I left my toxic church, now what?' (grieve the loss first), SOLA Network and YMI 'left the church hurt and came back' on easing back in slowly
116	Which Source of Your Anger Runs Deepest?	which-source-of-your-anger	profile	anger and unforgiveness	Hurt Pretending to Be Anger | Injustice You Witnessed | Boundaries People Crossed | Fear Wearing an Angry Mask | Grief You Never Got to Feel	Reframes anger as a messenger pointing to a deeper wound, defusing shame and inviting healing; 'anger is a secondary emotion' is a viral therapy concept	86	Letting-go-of-anger content (Centerstone, Headspace) frames anger as covering hurt/fear/grief; Christian teaching to feel anger as a 'God-given emotion' after loss supports the reframe
117	Which Bible Figure's Betrayal Feels Like Yours?	which-bible-betrayal-feels-like-yours	archetype	betrayal and broken trust	Joseph (Betrayed by Family) | David (Betrayed by Absalom, His Son) | Jesus (Betrayed by a Close Friend) | Job (Failed by His Friends) | Hannah (Provoked by a Rival)	Matches the shape of your betrayal to a figure who lived it, so you feel less alone; betrayal stories are emotionally charged and screenshot-ready	86	Joseph sold by brothers, Absalom's revolt, Judas's kiss, Job's friends, Peninnah provoking Hannah are the go-to betrayal narratives; 'God meant it for good' anchors the hope
118	Which Part of You Still Needs Healing?	which-part-of-you-needs-healing	profile	emotional healing	The Anxious Child | The Angry Protector | The People-Pleaser | The Perfectionist | The One Who Went Numb	Externalizes the wounded 'part' that runs the show, making painful self-knowledge feel safe and tender; parts language is highly shareable	86	Inner-child / parts-work content (light candle 'for the wounded and judgmental parts of oneself') and IFS-style framing of protective parts is widespread in trauma-healing material
119	Which Bible Figure Hid Their Wound Like You Do?	which-bible-figure-hid-their-wound	archetype	fear of being hurt again	Elijah (Ran and Isolated in the Cave) | Mephibosheth (Hid in Lo-Debar, Sure He Was Worthless) | Hagar (Fled to the Wilderness) | Peter (Hid in Shame After Denying Jesus) | Naomi (Came Home Empty and Renamed Herself Bitter)	Names the armor you wear since the wound by matching it to a figure who hid theirs, then shows how God came looking; self-protection patterns are deeply relatable post-hurt	86	Elijah's burnout cave, Mephibosheth hiding in Lo-Debar believing he was a 'dead dog', Hagar fleeing, Peter's shame, Naomi 'call me Mara'; in each, God pursues the one in hiding
120	What's the Real Reason You Left the Church?	whats-the-real-reason-you-left-church	profile	leaving church	A Leader Hurt You | The Hypocrisy Broke You | You Were Never Allowed to Doubt | Burnout and Exhaustion | You Drifted More Than You Decided	Helps people articulate the layered 'why' behind walking away, which is the start of processing it; high-recognition, confessional hook	86	APA (2025) 'rebuilding life after organized religion', YouTube church-hurt testimonies; spiritual exhaustion and 'not allowed to question' are repeated reasons in leaving-church narratives
121	Are You Carrying More Than You Can Hold?	are-you-carrying-more-than-you-can-hold	profile	People silently shoulder everyone's burdens until they're crushed and want permission to admit it	Drowning (way past capacity) | Maxed Out | Quietly Overloaded | Stretched but Coping | Carrying a Healthy Load	The "cast your cares" theme meets a brutally relatable load-check; results feel like permission to put something down	85	1 Peter 5:7 "cast all your anxiety" is everywhere; people-pleasing-to-burnout content describes Christian women carrying everyone
122	What Kind of Rest Does Your Soul Need?	what-rest-does-your-soul-need	profile	Exhausted people don't know what would actually refill them and want a prescription	Physical Rest | Emotional Rest | Spiritual Rest | Social Rest | Sensory Rest | Creative Rest | Sabbath Rest	A "types of rest" framing (trending concept) baptized in faith; gives a personalized, shareable rest plan	85	Biblical self-care/rest content distinguishes kinds of rest beyond sleep; "types of rest" is a viral wellness concept ripe for a faith spin
123	Which Rhythm of Jesus Do You Most Need?	which-rhythm-of-jesus-do-you-need	archetype	Burned-out believers want to copy how Jesus actually lived unhurried and rested	Withdraw to a Quiet Place | Sleep in the Storm | One Thing Is Needed (Mary) | Come to Me, All Who Are Weary | Walk, Don't Rush | Feast and Celebrate	A fresh, identity-style "which practice of Jesus is your missing piece" that frames rest as imitation of Christ	85	Rest teaching repeatedly points to Jesus withdrawing, sleeping in the storm, and "come to me all who are weary" (Matt 11:28) as the model
124	How Far From God Do You Actually Feel?	how-far-from-god-do-you-actually-feel	profile	distance from God	Numb & Distant | Cautiously Reaching | One Foot Out | Closer Than You Think | In the Long Wait	A gut-check that measures the gap and tells you the one thing pulling you away most	85	Life.Church "Feel Distant From God", Desiring God "What to Do When God Feels Distant", TGC "When God Seems Far Away", Abundant Life "Why Do I Feel Far From God" — perennial, high-volume topic
125	Which Faith Crisis Are You Living Through?	which-faith-crisis-are-you-living-through	profile	doubt / faith crisis	The Intellectual Wall | The Suffering Crisis (God let me down) | The Church-Hurt Crisis | The Silence Crisis (He went quiet) | The Burnout Crisis	Pinpoints the shape of your crisis so the next step actually fits what broke	85	TGC "I Never Expected to Doubt", RELEVANT "Seven Christian Thinkers Who Wrestled With Doubt", Christian Standard "Wrestling with Deconstruction and Doubt"; faith-crisis framing widely searched
126	What's Your Doubt Trying to Tell You?	whats-your-doubt-trying-to-tell-you	profile	doubt / is my faith real	An Unanswered Question | A Buried Wound | A Sin You're Hiding From | A Faith You Outgrew | An Invitation to Go Deeper	Reframes doubt as a messenger with a message instead of an enemy to crush	85	Crossway "Is Doubt the Backstory Behind Your Apathy", Coracle "On Good Questions, Doubt & Deconstruction", Boundless "What to Do With Doubt" — doubt-as-signal angle is fresh and shareable
127	Faith or Feelings: What Are You Actually Running On?	faith-or-feelings-what-running-on	profile	dryness / is my faith real	Chasing the Feeling | Faith on Fumes | Steady but Joyless | Numb but Faithful | Feeling-Free Trust	Exposes whether your faith depends on a spiritual high, and what happens when the high is gone	85	Ligonier/GotQuestions "feelings don't save us, Christ does", crossexamined "most doubts are emotional"; "I don't feel God anymore" is core dryness language — relatable, convicting
128	Doubt or Unbelief: Which Are You Wrestling?	doubt-or-unbelief-which-wrestling	profile	doubt / fear of losing faith	Honest Doubt (faith seeking) | Wrestling Faith | Hardening Unbelief | Apathy Creep | Faith Under Construction	Clarifies the scary line between "I'm doubting" and "I've stopped believing" — and which side you're on	85	Os Guinness "suspension between faith and unbelief"; Mark 9 "help my unbelief" is the anchor verse; The 96th Thesis "Three Kinds of Doubt", John Ankerberg "Identifying Doubt" — the distinction is searched and shareable
129	Open Door or Closed Door?	open-door-or-closed-door	profile	discernment	This Door Is From God | This Door Is a Detour | The Door's Still Being Tested | You're Knocking on the Wrong Door	Turns the most-used Christian decision metaphor into a quiz; people LOVE having their 'sign' interpreted	85	Bridges Church 'Are open/closed doors indicators of God's will?', Proverbs 31 'Is It a Closed Door or an Opportunity?', huge open-door search volume
130	Why Do You Feel Purposeless Right Now?	why-do-you-feel-purposeless	profile	feeling purposeless	You've Outgrown an Old Identity | You're Comparing Your Insides to Their Outsides | You're in a Hidden Season | You're Disconnected From Your Why	Goes straight at the raw 'I feel purposeless' search with compassionate, specific causes; high emotional resonance	85	'Many Christians question their true purpose and seek it in ways that lead to confusion and anxiety' (purpose video) + purposeless feelings in quarter-life threads
131	Should You Make the Leap or Keep Waiting?	leap-or-keep-waiting	profile	big decisions	Take the Leap | Wait a Little Longer | Gather More Counsel First | You Already Know the Answer	A high-stakes either/or everyone facing a job/move/relationship decision wants answered; maximum click intent	85	'How to Decide What Job to Take and Who to Marry', leap-of-faith vs wait tension in nearly all big-decision Christian articles
132	What's Stealing Your Sense of Worth?	what-steals-your-worth	profile	identity	Achievement | Approval | Appearance | Other People's Opinions	Pinpoints the idol your worth is hooked to, then redirects it to grace; "stop letting X define you" is endlessly quotable.	85	Cru/finds.life.church identity content warns the world defines you by "looks, achievements, or followers"; Romans 15:7 framing ("you don't need approval/validation from the world") is widely cited.
133	What's Your Inner Critic's Favorite Lie?	inner-critic-favorite-lie	profile	identity	"You're a Failure" | "You're Unlovable" | "You Don't Belong" | "You're Stuck Forever"	Personifies the negative voice and names its go-to line, then silences it with truth; the "my inner critic says ___" hook is share-and-relate gold.	85	Seedword/renew.org list enemy lies almost verbatim ("you're stuck and hopeless", "you aren't lovable"); the inner-critic / shame voice is a defining identity struggle in this corpus.
134	Are You the Older Brother or the Prodigal?	older-brother-or-prodigal	archetype	identity	The Prodigal (came home wrecked) | The Older Brother (stayed but resentful)	A binary self-test from the most famous parable, exposing both the shame path AND the secret-resentment path; debatable, convicting, shareable.	85	Parable of the Prodigal Son (Wikipedia, Diana Leagh Matthews) is one of the best-known second-chance stories; the older-brother resentment angle is a classic, less-discussed self-recognition.
135	What's Your Singleness Season?	whats-your-singleness-season	profile	Feeling stuck, lonely or behind while waiting for a spouse	The Contented Caller | The Aching Waiter | The Gift-Embracer | The Restless Striver	Speaks to the 'content but still struggling' tension every single feels; comforting and very shareable	85	Desiring God 'Single but Not Lonely'; 'gift of singleness' (1 Cor 7); 'you can be content and still struggle'; 'not stuck in a waiting room' language
136	Which Bible Mother Are You?	which-bible-mother-are-you	archetype	Mothers seeking a biblical mirror for their season	Hannah the Prayer Warrior | Jochebed the Brave | Mary the Surrendered | Naomi the Mentor | Eunice the Faith-Passer	Mother's-Day-evergreen archetype; built for sharing among mom groups	85	'10 examples of good mothers in the Bible' (Christianity IQ); 'extraordinary mothers' (Crosswalk); brave-mothers content; high mom-share demand
137	Have You Committed the Unforgivable Sin? (A Gentle Check)	have-you-committed-the-unforgivable-sin-gentle-check	profile	guilt	Your Fear Itself Is Proof You Haven't | Scrupulosity Is Lying to You | You Need Assurance, Not Punishment | Rest in the Finished Work	Directly serves scrupulosity/religious-OCD sufferers who obsessively fear the unpardonable sin - rare, high-empathy, intensely searched, very shareable relief	85	epm.org "only one unforgivable sin... if you desire forgiveness you are not guilty"; scrupulosity OCD + unpardonable-sin fear documented in Christian counseling resources
138	Are You Allowed to Be Angry at God?	are-you-allowed-to-be-angry-at-god	profile	suffering	Yes, Like David Yelled the Psalms | Yes, Like Job in His Ash Heap | You're Complaining TO God (Faith) | You've Slipped to Complaining ABOUT God	Removes the shame around anger at God during grief - liberating, counterintuitive, taps a question people are afraid to ask out loud	85	christianity.com is it wrong to be angry with God, thegospelcoalition.org when does grief become sin, blog.newgrowthpress.com when grief is red instead of gray (complain TO vs ABOUT God)
139	What Does Your Grief Need to Hear?	what-does-your-grief-need-to-hear	profile	grief	He Heals the Brokenhearted (Ps 147:3) | Blessed Are Those Who Mourn (Mt 5:4) | He Keeps Your Tears in a Bottle | Weeping Endures the Night, Joy Comes	Outputs the exact comfort verse your heart needs right now - taps the massive "bible verses for grief" search demand; instantly screenshot-and-share	85	biblestudytools.com bible verses for overcoming grief, christchurchwoodford.org 40 comforting verses, guideposts.org verses for grief (Ps 147:3, Mt 5:4, Rev 21:4)
140	What's Your Self-Control Weak Spot?	whats-your-self-control-weak-spot	profile	self-control, willpower, discipline	Appetite | Tongue/Words | Screen/Scroll | Temper | Lust	Self-control is the hardest fruit of the Spirit; a 'weak spot' diagnostic is convicting yet safe to share because everyone has one.	85	Galatians 5:22-23 self-control studies (Crossway, Truth For Life); 2 Tim 1:7 self-discipline; 1 Cor 10:13 'way out' temptation framing.
141	Could You Pass the Rich Young Ruler Test?	could-you-pass-the-rich-young-ruler-test	profile	greed vs generosity, wealth, surrender	You'd Follow | You'd Hesitate | You'd Walk Away Sad | You're Already Free	Turns Jesus' hardest money challenge into a personal dare; 'could you pass' is a powerful, slightly uncomfortable share hook.	85	Redeeming God 'The Rich Young Ruler and You' (Matt 19:16-24); Mark 10:17-27; TIFWE rich young ruler through Luke & Acts.
142	Which Bible Figure's Grudge Are You Carrying?	which-bible-figures-grudge	archetype	holding a grudge	Jonah (Resentful That Mercy Was Given) | The Older Brother (Bitter at the Father's Grace) | Cain (Festering Jealousy) | Esau (Robbed and Out for Revenge) | Saul (Threatened, Hunting the Innocent)	Holds up a mirror by matching your grudge to a figure who nursed the same one, with a knowing tone and a way out; deeply relatable and tag-a-friend material	85	Jonah angry at Nineveh's mercy, the prodigal's older brother, Cain and Abel, Esau's vow against Jacob, Saul's jealous pursuit of David are the Bible's classic grudge studies
143	What's Your Inner-Healing Next Step?	whats-your-inner-healing-next-step	profile	inner healing	Name the Wound | Grieve and Lament It | Forgive the One Who Caused It | Replace the Lie With Truth | Invite God Into the Memory	A practical recommender that hands you the one move that fits where you are; turns a vague 'I want to heal' into a concrete step	85	Christian inner-healing frameworks: honest lament, inviting God into unexplored memories, forgiveness, and lie-to-truth replacement are the recurring named steps
144	How Do You React When Plans Fall Apart?	how-do-you-react-when-plans-fall-apart	profile	Control-driven people unravel when life goes off-script and want to understand their reaction	The Frantic Fixer | The Shutdown | The Spiraler | The Quiet Controller | The Surrenderer	Taps the control-and-anxiety link (huge therapy topic) with a relatable trigger and a "trust vs control" verse payoff	84	Christian counseling on control issues describes "frantic control" and difficulty when plans change; control rooted in fear is a recurring frame
145	What's Your Path Back from Burnout?	whats-your-path-back-from-burnout	profile	People who know they're burned out don't know how to recover and want a starting point	Radical Rest First | Boundaries and No's | Reconnect with God | Lighten the Load | Ask for Help | Restore Your Body	Turns "how do I recover" into a personalized first-step badge with a hopeful, gospel-rest tone	84	Recovery content stresses recovery "isn't doing more" and centers Sabbath, boundaries, and leaning on Jesus; clear demand for next steps
146	What Should You Do When God Feels Silent?	what-to-do-when-god-feels-silent	profile	God feels silent / dryness	Sit in the Silence (don't fill it) | Return to the Word | Lament Out Loud | Check for a Barrier | Wait With Trust	Moves you from "He's ignoring me" to a concrete practice matched to your season	84	Cru "5 Things to Do When God Seems Silent", Crossway, Abide "Listening to God in the Silence", beneaththefigtree "Listening Prayers" — strongly actionable, high-search
147	Do You Believe God Is Good When He's Silent?	do-you-believe-god-is-good-when-silent	profile	God feels silent / unanswered prayer	Trusting in the Dark | White-Knuckling It | Quietly Angry | Bargaining | Numb to the Question	A heart-level test of what you actually believe about God when the answers stop coming	84	"Faith is learning to trust God in the dark" widely shared; Cru on God's silence, EPM "Keep Trusting God If He Hasn't Answered My Deepest Prayers", Hope for the Broken-Hearted — emotionally charged
148	Which Stage of Returning to God Are You In?	which-stage-of-returning-to-god	profile	coming back to faith / reconstruction	Still Far Off | Coming to Your Senses | The Walk Home | Met by the Father | Rebuilding (the older-brother work)	Maps the prodigal's journey onto YOUR return so you know what to expect next	84	Scriptures In Use & Lifesprings "Prodigal Son's Path to Restoration", everydayFORMATION "Steps to Renew Your Faith", Forward in Christ "come back to faith"; prodigal framing is beloved and shareable
149	Which Waiting Room of the Bible Are You Sitting In?	which-bible-waiting-room	archetype	waiting on God	The Dungeon (Joseph) | The Wilderness (Moses) | The Cave (David) | The Doorway (Ruth) | The Shoreline (the Disciples) | The Empty Womb (Hannah)	A fresh 'waiting room' metaphor instead of literal figures; cozy, visual, and instantly shareable as 'this is so me'	84	Waiting-season sermon ecosystem (Abraham/Joseph/David/Moses) supports the frame; 'Does Waiting on God Feel Lonely?' service video shows the emotional pull
150	Are You Chasing Your Calling or Running From It?	chasing-or-running-from-calling	profile	what am I here for	All-In Chasing | Quietly Avoiding | Jonah-Style Running | Stuck at the Starting Line	A provocative either/or with a Jonah wink; the 'are you running from God' angle is emotionally charged and shareable	84	Calling-discovery content ('signs you've found your calling', 'you can't let it go') plus the Jonah-running-from-purpose trope
151	What Kind of Lost Are You?	what-kind-of-lost-are-you	profile	feeling stuck and purposeless	Spiritually Lost | Directionally Lost | Identity Lost | Just Resting and Not Lost At All	Validates the vague 'I feel lost' state and sorts it into something actionable; gentle, relatable, screenshot-worthy	84	'Feeling Lost in Your 20s and 30s? You're Not Alone' + faith-wobble content; 'lost' is a common self-description in these threads
152	What's Your Belonging Style?	whats-your-belonging-style	profile	belonging	The Outsider Looking In | The Always-Almost-In | The Lone Wolf by Habit | The Quietly Connected	Diagnoses why connection feels hard for you, validating church-loneliness without blame; "belong before you believe" makes it warm and shareable.	84	Crossway "Feeling Alone in a Crowded Congregation" and "Belong. Believe. Behave" describe belonging styles and the outsider experience; "it's hard to trust when you feel like an outsider" is a core theme.
153	Which Lie From the Mirror Do You Believe?	lie-from-the-mirror	profile	identity	"I'm Not Pretty Enough" | "I'm Too Much" | "I'm Forgettable" | "I'll Never Be Enough"	Tackles appearance/body-image insecurity head-on with a tender truth reframe; raw, confessional, and highly shareable among women especially.	84	Comparison sermons cite "filtered beauty standards leading to eating disorders/self-harm"; body-image and "not pretty/good enough" are explicit threads in comparison and identity content.
154	Who Sees You When You Feel Invisible?	who-sees-you-invisible	archetype	loneliness	El Roi, the God Who Sees (Hagar) | Jesus Who Stopped (Bartimaeus) | The Father Watching the Road | The Shepherd Who Searches	Comfort-first quiz for the invisible-feeling; lands on a name/image of God who notices YOU. Deeply emotional, save-and-share devotional energy.	84	Hagar's El Roi "God who sees me", the father "watching the road" for the prodigal, and the searching shepherd recur across belonging/overlooked-character sources as answers to feeling unseen.
155	Why Is Your Love Life Stuck? A Christian Diagnosis	why-is-your-love-life-stuck	profile	Christian dating feels impossible: apps, talking stages, situationships	Fear Is Driving | Standards Need Tuning | You're Hiding | Timing Isn't Yours | Healing Comes First	Diagnoses the exact reason dating keeps stalling; brutally relatable to frustrated singles	84	r/ChristianDating frustration with apps/'talking stage'/situationships; 'why is Christian dating so hard'; Cru/Crosswalk dating-advice demand
156	How Do You Honor a Difficult Parent? A Christian Profile	how-do-you-honor-a-difficult-parent	profile	Guilt over boundaries with toxic, narcissistic or abusive parents	Boundaried Honor | No-Contact Peace | Still-Trapped | Reconciling Slowly	Frees people from the guilt of the 5th commandment vs toxic parents; cathartic and highly shareable	84	GotQuestions 'How do we honor an abusive parent?'; 'boundaries as honor'; no-contact with narcissistic mother; Exodus 20:12 vs abuse
157	What's Your Lament Language?	whats-your-lament-language	profile	grief	The Honest Complaint | The Desperate Appeal | The Stubborn Trust | The Wordless Groan	Frames raw, angry prayer as biblical and holy (40% of Psalms are lament) - gives permission to be honest with God; novel and validating	84	au.thegospelcoalition.org learning to lament, gotquestions.org psalms of lament, ligonier.org how to read psalms of lament (4 movements of lament)
158	Why Does God Feel So Silent Right Now?	why-does-god-feel-so-silent-right-now	profile	suffering	A Dark Night of the Soul | Grief Has Dulled Your Senses | Spiritual Dryness, Not Abandonment | He's Closer Than the Silence Suggests	Names the agonizing felt-absence of God and reframes it as a known spiritual season, not punishment or proof He left - rare, profound, highly shareable	84	soulshepherding.org dark night of the soul, learn.ligonier.org dark night soul, catholic.com dark night not what you think (felt absence, not abandonment)
159	What's Keeping You From Forgiving Them?	whats-keeping-you-from-forgiving-them	profile	forgiveness	The Wound Is Still Bleeding | You Confuse Forgiving With Excusing | You Fear Letting Them Off | You've Forgiven, but Trust Is Gone	Targets the person stuck on forgiving someone who hurt them deeply - clarifies what forgiveness is/isn't; high demand, very relatable	84	hopechurch.com forgive someone who hurt you deeply, theparkwaychurch.com forgiving someone who hurt you, christianwakeupcall.com how to forgive (forgiveness is not excusing/reconciliation)
160	What's Your Relationship With Ambition?	whats-your-relationship-with-ambition	profile	workaholism, career vs calling, envy of success	Holy Ambition | Driven & Restless | Quietly Coasting | Striving For Approval | Surrendered	Ambition is praised and feared in church culture; naming whether yours is holy or hungry hits a nerve for every striver in the pews.	84	Desiring God 'Admonition to Workaholics'; Theology of Work calling vs career; Mockingbird 'Workists in the Hands of a Firing God'.
161	What's Driving Your Spending?	whats-driving-your-spending	profile	financial stress, impulse spending, contentment	Comfort/Retail Therapy | Status & Image | Fear & Hoarding | Generosity | Genuine Stewardship	Names the hidden emotion behind your purchases; 'retail therapy' is a viral concept and the heart-motive reveal feels personal and convicting.	84	Christian Stewardship Network 'Overcoming the Emotional Impulse to Spend'; Crown Ministries impulse spender; retail-therapy psychology of emotional buying.
162	Is Social Media Making You Envious?	is-social-media-making-you-envious	profile	comparison, envy, social media	Immune | Occasionally Stung | Comparison Spiral | Joy Thief	Targets the Instagram-envy phenomenon directly; pairs two viral topics (social media + envy) for maximum demand and shareability.	84	Deseret 'Instagram Effect: psychology of envy'; Stylist 'Instagram-fuelled jealousy'; Luke Finley 'social media and the problem of envy'.
163	Could You Sit at the Table With Someone Who Hurt You?	could-you-sit-at-the-table	profile	forgiving someone who hurt you	Yes, You're Ready | Only With Boundaries | Not Yet, and That's Okay | You Could Forgive but Not Reconcile	Uses the Mephibosheth-at-the-table image to test where you are on reconciliation versus forgiveness; vivid and emotionally resonant	84	Mephibosheth seated at David's table as a redemption image; forgiveness-vs-reconciliation teaching (you can forgive while keeping boundaries) is central to the forgiveness search cluster
164	What's Your Health-Anxiety Pattern?	whats-your-health-anxiety-pattern	profile	People googling every symptom and fearing the worst about their body feel ashamed and alone	The Symptom Googler | The Worst-Diagnosis Jumper | The Body Scanner | The Reassurance Seeker | The Death-Fearer | Mostly At Peace	A surprisingly underserved but deeply felt niche; "this is literally me" recognition for health-anxious believers	83	Dedicated Christian health-anxiety/hypochondria content (Testimonio, Biblical Counseling Coalition, GotQuestions) shows real, distressed demand
165	Which Anxious Bible Prayer Sounds Like You?	which-anxious-bible-prayer-sounds-like-you	archetype	People want their raw, fearful prayers validated by scripture's honest cries	Hannah's Desperate Plea | David's "How Long, O Lord" | Jesus in Gethsemane | Jehoshaphat's "We Don't Know What to Do" | Peter's "Lord, Save Me" | Paul's Thorn Prayer	Validates messy anxious prayer through biblical examples; the "you're allowed to pray scared" message spreads	83	Counseling content highlights anxious biblical prayers (Hannah, David's Psalms, Gethsemane); "we do not know what to do" (2 Chron 20) is a known anxiety verse
166	Which Rest-Stealer Is Robbing Your Peace?	which-rest-stealer-is-robbing-your-peace	profile	People can't rest and want to identify the specific thing stealing their peace	The Phone | Overcommitment | Guilt | Worry About Money | Comparison | Never-Off Work | A Restless Mind	Names the exact peace-thief, which is satisfying and convicting, and ties it to a Sabbath-style remedy	83	Rest/Sabbath teaching consistently lists distraction, overcommitment, and guilt as rest-killers; "be still and know" is the anchor verse
167	Is Your Quiet Time Actually Working?	is-your-quiet-time-actually-working	profile	dry quiet times / prayer life	Box-Checking (going through motions) | Bone Dry (nothing's landing) | Distracted (can't focus) | Performance Reading | Quietly Growing (more than you feel)	Honest audit of the morning devotions that feel like homework, with a fix for your exact rut	83	YMI "Tired of Going Through the Motions", Living a Fruitful Life "Active or on Autopilot", dailybreadcore "Hear God in the Quiet Moments"; dry-quiet-time is a constant pain point
168	How Honest Are You Being With God?	how-honest-are-you-being-with-god	profile	prayer life / God feels silent	The Polite Pray-er | The Avoider | The Stuffed-Down Lament | The Angry-but-Silent | The Brutally Honest (like the Psalms)	Reveals whether you're praying the safe version of your heart while the real stuff stays buried	83	Bill Muehlenberg "Psalm 88 and Being Honest To God", Franciscan Media "Biblical Laments: Prayer Out of Pain", Grace Church "Praying the Psalms" — "be honest with God" lament theme rising in honest-faith content
169	Which Wilderness Season Are You In?	which-wilderness-season	archetype	wilderness season	The Midian Years (Moses) | The 40 Days (Jesus Tested) | The Desert Wandering (Israel) | Elijah's Burnout Cave | Hagar in the Desert	Specific 'wilderness' archetype distinct from the general waiting one; targets people literally Googling 'stuck in a wilderness season'	83	Multiple 'feeling stuck in the wilderness' devotionals + Moses-in-Midian sermons; 'tired of the wilderness' Substack shows live demand
170	Which Anointed-but-Waiting Hero Are You?	which-anointed-but-waiting-hero	archetype	stuck in a waiting season	David (Anointed, Tending Sheep) | Joseph (Dreamer, in Chains) | Esther (Chosen, in Hiding) | Joshua (Next-in-Line, Still Following) | Timothy (Called Young, Underestimated)	Sharper sub-angle of waiting: you KNOW you're called but it hasn't started; speaks to ambitious, frustrated 20-40s	83	David anointed 15 yrs before kingship, Joseph's dreams before the throne, Joshua under Moses; 'called but not yet' is a recurring sermon theme
171	Which Bible Friendship Do You Long For?	bible-friendship-you-long-for	archetype	friendship	David and Jonathan | Ruth and Naomi | Paul and Timothy | Jesus and His Inner Three	Lets the friend-starved pick the bond they crave; aspirational and gift-able to a friend ("you're my Jonathan"). Distinct from a friendship-type sorter.	83	Adult-friendship and church-loneliness corpus repeatedly invokes biblical friendship as the antidote; David/Jonathan, Ruth/Naomi, Paul/Timothy are the canonical Christian friendship models.
172	Are You Living From Approval or Acceptance?	approval-or-acceptance	profile	identity	The Approval Chaser | The People-Pleaser | The Performer | The Already-Accepted	A sharp two-state mirror that exposes the exhausting approval treadmill vs resting in being accepted; "stop performing for love" is deeply quotable.	83	Identity resources stress you already have "the stamp of approval from Him" and never have to "try harder for Him to love you more" (Joyce Meyer, Romans 15:7); approval-vs-acceptance is a core identity tension.
173	How Do You Handle Feeling Left Out?	how-you-handle-feeling-left-out	profile	loneliness	You Withdraw | You Overcompensate | You Numb It | You Pretend You're Fine	Maps your coping move when excluded, validating a universal sting with a healthier path; "feeling left out" is broadly relatable and confessional.	83	Church-loneliness corpus (Crossway "Feeling Alone in a Crowded Congregation", cliques articles) describes feeling left out despite being present; coping responses (withdraw/mask) are common threads.
174	Is Your Marriage Becoming a Roommate Marriage?	is-your-marriage-a-roommate-marriage	profile	Emotional distance and lost intimacy after years together	Deeply Connected | Drifting Quietly | Roommate Zone | Rebuilding	Hits the quiet fear long-married couples won't say aloud; couple-tag and DM-share magnet	83	Cambridge Papers on emotional distance/withered marriage; r/Christianmarriage emotional-distance threads; 'roommate marriage' a common search
175	Which Bible Power Couple Are You?	which-bible-power-couple-are-you	archetype	Couples wanting to know their shared mission identity	Priscilla and Aquila | Aquila's Apprentices | Joseph and Mary | Boaz and Ruth	Lighter, aspirational couple quiz for ministry-minded pairs; couple-tag shareable	83	Priscilla and Aquila 'equal devoted partnership in ministry'; answeredfaith biblical-marriage examples; power-couple framing trends
176	Which Psalm of Lament Is Your Prayer Today?	which-psalm-of-lament-is-your-prayer-today	archetype	grief	Psalm 13 (How Long, O Lord?) | Psalm 22 (Why Have You Forsaken Me?) | Psalm 42 (Why So Downcast?) | Psalm 88 (The Darkness Is My Closest Friend)	Pairs your current ache with a specific dark psalm - distinct from "which psalm speaks to you" by focusing only on lament/suffering; comforting and screenshot-worthy	83	christianity.com 5 psalms of lament, takeitfromkayla.com psalms of lament list (Ps 13,22,42,44,88); net-new vs existing which-psalm-speaks-to-you
177	Has Grief Shaken or Deepened Your Faith?	has-grief-shaken-or-deepened-your-faith	profile	suffering	Faith Hanging by a Thread | Wrestling Honestly Like Jacob | Quietly Trusting in the Dark | Roots Driven Deeper by Loss	Names where loss has left your faith - validates doubters (doubt doesn't disqualify) and honors quiet trusters; high emotional pull	83	testimon.io christian miscarriage grief "you can believe God is good and still be devastated", reviveourhearts.com hanging onto God, desiringgod.org valley of miscarriage (doubt doesn't disqualify)
178	What Lie Is Your Shame Telling You About God?	what-lie-is-your-shame-telling-you-about-god	profile	shame	He's Disappointed in You | He's Keeping Score | He Loves You Only When You Perform | He's Already Run to Meet You	Exposes the distorted God-image shame builds and replaces it with the prodigal's running Father - convicting, freeing, highly shareable	83	thegospelcoalition.org/article/break-shames-chains, ftc.co breaking the power of shame, sermons on identity in Christ vs shame (Father runs to meet you)
179	Are You Grieving a Loss Nobody Acknowledges?	are-you-grieving-a-loss-nobody-acknowledges	profile	grief	Pregnancy or Infant Loss | A Living Loss (Estrangement) | A Dream That Died | Grief You Feel You Can't Voice	Names disenfranchised grief - the losses people grieve in silence - making invisible pain visible; rare angle, intensely shareable for the unseen	83	christianfamilysolutions.org miscarriage and stillbirth grief, christianliferesources.com I will never forget you, annakettle.com theology of miscarriage (lonely/unspoken grief)
180	Do You Need a Digital Detox? (Be Honest)	do-you-need-a-digital-detox	profile	phone addiction, social media, discipline	You're Fine | A Light Fast | A Real Detox | An Emergency Unplug	'Be honest' dares the reader; digital detox is a massive evergreen search and a low-shame, high-share self-diagnosis.	83	Living For The Christ 'Digital Detox Starter Kit'; The Rebelution '3 Reasons Digital Detoxing Drew Me Closer to God'; WORD30 detox challenge.
181	Are You a Workaholic in Disguise?	are-you-a-workaholic-in-disguise	profile	workaholism, career vs calling, identity	Balanced | Subtle Striver | Identity-In-Work | Burned-Out Idolater	'In disguise' assumes the reader might be guilty, which drives clicks; work-as-idol resonates with hustle-culture Christians.	83	Desiring God 'Admonition to Workaholics'; Biblical Counseling Center 'Don't Let Work Become Your World'; Bible.org Psalm 127 'Word for Workaholics'.
182	Which Deadly Sin Is Your Money Tempting You Toward?	which-money-deadly-sin-are-you	archetype	greed, envy, contentment	Greed | Envy | Pride | Gluttony/Excess	Seven-deadly-sins framing is intrinsically clickable; tying it to money/possessions makes it specific and convicting without feeling generic.	83	Catholic Answers 'Sin of Greed' (capital sin); Growing Godly Generations 'Se7en Deadly Sins: Envy & Greed' (Proverbs 24); greed gives rise to other sins.
183	What Would Jesus Say About Your Money?	what-would-jesus-say-about-your-money	profile	greed vs generosity, stewardship, contentment	'Well Done, Steward' | 'Watch Your Heart' | 'You Lack One Thing' | 'Where Is Your Treasure?'	Bold, conviction-forward hook; the 'what would Jesus say' frame is provocative and the results echo real Gospel sayings.	83	Christian Post 'What Jesus said money is really for'; Matt 6:21 treasure; rich young ruler 'you lack one thing'; parable of the talents steward.
184	What's Your Worry Language?	whats-your-worry-language	profile	People express anxiety in distinct ways and a "language" framing feels fun and personal	The Verbal Processor | The Silent Stewer | The List-Maker | The Avoider | The Researcher | The Reassurance-Seeker	A love-languages-style spin on worry that is light, fun, and instantly screenshot-able with a faith next step	82	Worry/anxiety-type self-quizzes (AnxietyCentre Worry Test, anxiety-types quizzes) show demand for categorizing how worry shows up
185	What's Your Sabbath Personality?	whats-your-sabbath-personality	archetype	People want to start a Sabbath but don't know what kind of rest day fits them	The Slow-Morning Sabbath | The Nature Sabbath | The People-Free Sabbath | The Worship-Filled Sabbath | The Creative Sabbath | The Sleep-and-Recover Sabbath	A fun, aspirational "which rest day are you" identity quiz that makes Sabbath feel doable and screenshot-worthy	82	Sabbath-as-antidote-to-burnout is a booming theme; "what is Sabbath rest for the burned out" guides show appetite for practical, personalized rest
186	How Do You Hear God?	how-do-you-hear-god	profile	how do I know God's will	Through Scripture | Through Peace | Through People | Through Circumstances | Through Conviction	Answers the practical ache behind God's-will questions; positive, identity-affirming, broadly shareable	82	'God speaks to those who make space to listen', plus constant 'how do I hear from God / know His will' searches and sermons
187	Which Bible Figure Made a Big Decision Like You?	which-decision-maker-bible-figure	archetype	big decisions	Ruth Choosing a New Path | Esther 'For Such a Time' | Gideon Asking for a Sign | Mary Saying Yes | Jonah Refusing the Call	Archetype for decision-makers specifically (not waiting); covers the famous sign-asking + risky-yes stories people relate to	82	Gideon's fleece, Esther's 'for such a time', Ruth's leap, Mary's yes are the go-to decision stories in sermons on God's will
188	Which In-Between Place of the Bible Describes You?	which-in-between-bible-place	archetype	feeling stuck	The Red Sea Shore (Trapped) | The Jordan's Edge (About to Cross) | The Upper Room (Waiting for Power) | The Road to Emmaus (Confused) | The Belly of the Whale (Stalled)	A vivid 'liminal place' archetype; the in-between is exactly where stuck/waiting people feel they live	82	Red Sea trapped moment, waiting in the Upper Room, Emmaus confusion, Jonah's whale all map to limbo; strong sermon + devotional presence
189	What's Your Self-Worth Source?	whats-your-self-worth-source	profile	identity	Performance-Based | Approval-Based | Comparison-Based | Grace-Based	Reveals the foundation your worth stands on and whether it can hold; the "grace-based" goal-state makes people want to share and aspire.	82	Identity-in-Christ teaching contrasts striving/performance/approval worth with grace ("you don't have to strive to be accepted by God", Romans 15:7); a foundational Christian self-worth theme.
190	What Does Your Loneliness Need Right Now?	what-your-loneliness-needs	profile	loneliness	Deep Connection | A Community | To Be Truly Known | God's Presence	Reframes loneliness from a flaw into an unmet need with a next step; gentle, practical, and shareable as "this is what I actually needed to hear".	82	Gospel Coalition "The Christian Cure for Loneliness Isn't Just More Friends" distinguishes needs (being known/loved vs more contacts); maps onto emotional vs social vs existential loneliness types.
191	Which Insecurity Is Holding You Back?	which-insecurity-holds-you-back	profile	identity	Fear of Judgment | Fear of Failure | Fear of Not Belonging | Fear of Being Seen	Action-oriented insecurity diagnosis with a freedom-focused result; "what's secretly holding me back" is strong self-improvement + faith crossover.	82	Identity content (Cru, 412teens) ties insecurity/fear to not stepping into your identity; "confidence grows, shame and fear lose their grip" is the promised payoff in identity-in-Christ resources.
192	What's Your Praying-for-a-Prodigal Posture?	praying-for-a-prodigal-posture	profile	Heartbreak over an adult child who walked away from faith	The Hopeful Watcher | The Weary Warrior | The Letting-Go Parent | The Guilt-Carrier	Speaks directly to grieving parents nobody else is talking to; deeply moving and quietly shared	82	Focus on the Family 'Hope For Parents of Prodigal Children'; Family Fire 'Praying for Prodigal Children'; WMU 'Parenting a Prodigal'; estranged-mom coaching
193	Which Bible Family Are You? (Family Drama Edition)	which-bible-family-are-you	archetype	Recognizing your own family's dysfunction and grace in Scripture	Jacob's Blended Chaos | Joseph's Reconciled Brothers | David's Broken House | Mary and Joseph's Faithful Home | Naomi's Loyal Loss	Every family sees itself in Bible dysfunction; hilarious-yet-deep family-group-chat share	82	Jacob/Leah/Rachel dysfunction (Nat Geo); David's broken house; Joseph's brothers reconciliation; family-dysfunction relatability
194	Which Grieving Woman of the Bible Are You?	which-grieving-woman-of-the-bible-are-you	archetype	grief	Naomi (Bitter Loss) | Mary of Bethany (Falling at His Feet) | Hannah (Weeping for What She Lacked) | The Widow of Nain (A Son Restored) | Rizpah (Guarding Her Dead)	Female-focused grief archetype distinct from generic "which woman of the Bible" - centers sorrow specifically; deeply resonant for grieving women	82	answeredfaith.com examples of grief in the Bible (Naomi, Hannah), bible.com John 11 Mary/Martha; net-new vs which-woman-of-the-bible-are-you
195	What's Your Self-Forgiveness Block?	whats-your-self-forgiveness-block	profile	guilt	Replaying the Highlight Reel of Failure | Believing You Must Earn It | Punishing Yourself as Penance | Mistaking Regret for Repentance	Drills into WHY you can't forgive yourself even after confessing - reframes self-forgiveness as receiving Christ's payment; tender and specific	82	regenerationrecovery.org why I can't forgive myself, wellspringumc.church forgiving yourself, lachristiancounseling.com why we struggle with self-forgiveness
196	What's Your Path Back to God After Falling?	whats-your-path-back-to-god-after-falling	profile	guilt	The Prodigal's Long Walk Home | Quiet Confession (1 John 1:9) | Restoration After Public Failure | Believing the Old Self Is Gone	Gives the shame-bound believer a concrete return route - hopeful, action-oriented, reframes identity as new creation; very shareable	82	regenerationrecovery.org / epm.org "the old has gone, the new has come", pursuegod.org, footprintsofinspiration.com (2 Cor 5:17 new creation)
197	What's Your Hidden Money Fear?	whats-your-hidden-money-fear	profile	financial stress, anxiety, trust	Fear of Not Having Enough | Fear of Losing It | Fear of Being Judged | Fear of Generosity	Money anxiety is nearly universal and rarely spoken aloud; naming the specific fear is cathartic and shareable.	82	Crosswalk '8 Ways to Trust God When Money Is Tight'; YouVersion 'Anxiety About Money' plan; Philippians 4:6-7 / Matthew 6 'do not worry' framing.
198	Are You Chasing Money or Calling?	are-you-chasing-money-or-calling	profile	career vs calling, ambition, money	All Calling | Calling-Leaning | Torn | All Paycheck	Frames the career-vs-calling tension as a personal verdict; resonates with anyone weighing a stable job against a sense of purpose.	82	iBelieve 'Is God Calling You to Leave Your Job, But Money Is an Issue'; Theology of Work calling vs career; Cure4TheSoul 'God's Call to Quit Your Job'.
199	Bible Doubters IQ: Who Really Said It?	bible-doubters-iq	knowledge	doubt / is my faith real	Match the Doubt to the Doubter | Thomas, Gideon, Sarah, John the Baptist | "Help my unbelief" — who? | Fleece, fig tree, or prison? | Score: Skeptic to Scholar	A fun, low-pressure Bible-knowledge quiz on famous doubters that makes wrestling with faith feel normal	81	TGC, Desiring God, Abide, BibleStudyTools, Wikipedia "Doubting Thomas" all catalog these figures; knowledge-quiz framing rides the strong doubter-content demand while staying net-new
200	What's Your Biggest Decision-Making Trap?	whats-your-decision-trap	profile	fear of the wrong choice	Overthinking | People-Pleasing | Sign-Hunting | Impulse Jumping | Endless Pro/Con Lists	Lighter, behavior-focused take on decision struggles; the traps are funny-because-true and tag-a-friend ready	81	Kevin DeYoung 'Just Do Something' anti-paralysis movement + decision-anxiety articles on fear of an 'irreversibly bad decision'
201	How Well Do You Know the Gospels?	how-well-do-you-know-the-gospels	knowledge	bible-knowledge	Matthew, Mark, Luke and John: which Gospel said it, unique events, miracles and parables, the Passion week; scores 0-100	The four Gospels are the most-read books in the Bible, so a who-said-it score everyone wants to beat is built-in share fuel.	90	FunTrivia 'Matthew, Mark, Luke or John?' multiple quizzes; SimplyBible, ProProfs 'Lesson 45', Gospel Bible Study, Quizlet all run Gospel quizzes; strong evergreen demand.
202	How Well Do You Know Moses?	how-well-do-you-know-moses	knowledge	bible-knowledge	Baby in the Nile, burning bush, the plagues, Red Sea, Mount Sinai, 40 years wandering; scores 0-100	Moses is one of the most recognizable Bible figures, and his life has enough dramatic beats for a confident high-score brag.	89	FunTrivia '70 Moses Trivia Questions' and 'The Biblical Story of Moses'; TruPlay, BibleQuizzes.me, Logos, Today.com Moses quizzes; bibletrivia.co.uk avg 60.2 percent.
203	Jesus' Miracles IQ	jesus-miracles-iq	knowledge	bible-knowledge	Water to wine, feeding the 5000, walking on water, healings, raising Lazarus and more across all four Gospels; scores 0-100	Jesus' miracles are vivid and famous, and a percent-score on the supernatural moments invites a screenshot brag.	89	FunTrivia 'Miracles of Jesus' and '25 Miracles of Jesus A-Z'; Faithit, BibleQuizDaily 30Q, HowStuffWorks, ChristianBibleReference all host miracle quizzes.
204	How Well Do You Know Revelation?	how-well-do-you-know-revelation	knowledge	bible-knowledge	Seven churches, seven seals, the four horsemen, 666, the lake of fire and the New Jerusalem; scores 0-100	End-times fascination plus cryptic symbols make a Revelation score irresistible to debate and share.	88	FunTrivia 230 Revelation questions and 23 quizzes; LDS Living 'How Well Do You Know the Book of Revelation', BibleVise 25Q, ProProfs, ChristianityOasis; strong end-times demand.
205	Easter and the Resurrection IQ	easter-resurrection-iq	knowledge	bible-knowledge	Palm Sunday, the Last Supper, Judas, the trial before Pilate, the crucifixion at Golgotha and the empty tomb; scores 0-100	Easter is the most-shared Christian season, so a Holy Week score is seasonal viral gold that families pass around.	88	Christianity.com 50 Easter trivia, BibleQuizDaily 30Q plus 120Q printable, WhatChristiansWantToKnow 20Q, ProProfs Holy Week, TriviaMaker 200+; huge seasonal volume.
206	How Well Do You Know David and Goliath?	how-well-do-you-know-david-and-goliath	knowledge	bible-knowledge	The challenge of Goliath, five smooth stones, the sling, Saul's armor, the giant's height and the aftermath; scores 0-100	The ultimate underdog story is known even outside church, so almost anyone can take it and feel they should ace it.	87	FunTrivia and ChristiansUnite David and Goliath quizzes; Hope From The Bible, Quizizz, Bible Maximum 60Q; bibletrivia.co.uk 4148 attempts avg 60.2 percent.
207	How Well Do You Know the Ten Commandments?	how-well-do-you-know-the-ten-commandments	knowledge	bible-knowledge	All ten commandments, their correct order in Exodus 20, what each forbids and which Jesus called greatest; scores 0-100	Most people think they know all ten until they try to list them in order, which is the exact tension a quiz exploits.	86	Sporcle '10 Commandments in order', ProProfs 5+ quizzes, Braingle, FunTrivia, BibleQuizDaily 30Q; 'can you name all ten in order' is a recurring hook.
208	Noah's Ark IQ	noahs-ark-iq	knowledge	bible-knowledge	Gopher wood, the ark's dimensions, how many of each animal, 40 days of rain, the raven and dove, the rainbow covenant; scores 0-100	Noah's ark is a childhood-famous story, so a grown-up score taps nostalgia plus a do-I-still-remember hook.	86	TruPlay Noah quiz easy/medium/hard, Bible-Science Guy 15Q, KJV-Bible-Verses 16Q, QuizTorah, ScriptureLady 14Q, Logos category; broad family appeal.
209	The Ten Plagues IQ	how-well-do-you-know-the-ten-plagues	knowledge	bible-knowledge	Blood, frogs, gnats, flies, livestock, boils, hail, locusts, darkness and the death of the firstborn, in order; scores 0-100	Ten dramatic plagues in a specific order are a perfect ranking-recall challenge people love to test and contest.	85	FunTrivia multiple Ten Plagues quizzes, JetPunk '10 Plagues of Egypt', BibleChallenger 21Q illustrated, GotQuestions; 'plagues in order' is a common framing.
210	Name the Books of the Bible	name-the-books-of-the-bible	knowledge	bible-knowledge	All 66 books and their order across Law, History, Poetry, Prophets, Gospels and Epistles; Old and New Testament; scores 0-100	The classic Sunday-school challenge of naming all 66 books in order is a pure leaderboard flex that begs a rematch.	85	Quiz-maker 'Books of the Bible in Order', BibleTalk.tv, FunTrivia 'KJV Do You Know The Order', BibleQuizPro, Quizlet 66-book sets; perennial memorization demand.
211	Parables of Jesus IQ	jesus-parables-iq	knowledge	bible-knowledge	The Good Samaritan, Prodigal Son, Sower, Lost Sheep, Talents, Mustard Seed and more: meaning and details; scores 0-100	Jesus' parables are beloved short stories, and a meaning-plus-details score lets fans prove they truly get them.	84	Grizly 'Parables of Jesus Quiz', SimplyBible 30Q, FunTrivia Good Samaritan and Prodigal Son quizzes, SalvationCall; distinct scope from existing parables-iq.
212	Apostle Paul IQ	apostle-paul-iq	knowledge	bible-knowledge	Saul of Tarsus, the Damascus road, three missionary journeys, shipwrecks, imprisonments and his letters; scores 0-100	Paul wrote half the New Testament, so a journeys-and-letters score is a meaty challenge serious readers want to ace.	84	FunTrivia 'Paul's Missionary Journeys' and 'Paul of Tarsus' 25Q, ProProfs, GotoQuiz, BibleQuizDaily 50Q; bibletrivia.co.uk 7195 attempts avg 51.2 percent.
213	Book of Acts IQ	book-of-acts-iq	knowledge	bible-knowledge	Pentecost, the early church, Stephen, Philip, Peter's visions, Paul's conversion and the spread to Rome; scores 0-100	Acts is the origin story of the church, so a score on how it all began appeals to anyone who loves the beginnings.	83	FunTrivia 'The Book of Acts' 25Q and 24 Acts quizzes, BibleVise, TriviaFaithBlog 20Q, FunTrivia 'Day of Pentecost' 10Q; consistent New Testament demand.
214	Guess the Bible Verse	guess-the-bible-verse	knowledge	bible-knowledge	Finish the verse and name the reference for famous passages from John 3:16 to Psalm 23 and 1 Corinthians 13; scores 0-100	Finish-the-verse is the most addictive Scripture-memory format, and a percent score turns memorization into a game.	84	HowStuffWorks 'Can You Finish the Famous Bible Verse' and 'Ultimate Bible Verse Quiz', BibleQuizDaily 50Q fill-in-the-blank, FunTrivia 'Finish the Verse' 120Q.
215	Jonah IQ	jonah-iq	knowledge	bible-knowledge	Running to Tarshish, the storm, the great fish, Nineveh's repentance, the plant and worm, Jonah's anger; scores 0-100	Jonah and the great fish is one of the most memorable Bible tales, perfect for a quick, brag-worthy recall score.	82	BibleChallenger 21Q Jonah and Nineveh, FunTrivia 'The Story of Jonah' 15Q and 50Q, ProProfs, TriviaPlaying, GotQuestions; well-known story, steady demand.
216	Joseph in Egypt IQ	joseph-in-egypt-iq	knowledge	bible-knowledge	The coat of many colors, the dreams, sold into slavery, Potiphar, prison, Pharaoh's dreams and the family reunion; scores 0-100	Joseph's rise from the pit to Pharaoh's palace is a gripping arc that rewards readers with a satisfying high score.	82	Bible Potato 'Joseph the Dreamer' 10Q, FunTrivia 'Joseph of the Coloured Coat', Sporcle 'Profile: Joseph', BibleStudyTools and GotQuestions coat-of-many-colors content.
217	Women of the Bible IQ	women-of-the-bible-iq	knowledge	bible-knowledge	Eve, Sarah, Ruth, Esther, Deborah, Mary, Martha, the Proverbs 31 woman and more: who did what; scores 0-100	Women of the Bible quizzes draw a huge, sharing-prone audience and let people prove they know the heroines, not just the heroes.	83	BibleQuizDaily 'Women of the Bible' 30Q, BGodInspired Heroines quizzes, HitDigs 'Women in the Bible Test', HowStuffWorks 'Influential Women', Lemon8 faith-quiz.
218	Book of Judges IQ	book-of-judges-iq	knowledge	bible-knowledge	Othniel, Ehud, Deborah, Gideon's fleece and 300, Jephthah, Samson and Delilah, and the cycle of sin; scores 0-100	Judges is full of wild, action-movie stories, so a score on Gideon and Samson rewards readers who go past the famous bits.	80	Bibilium 'Book of Judges Quiz', FunTrivia 'Judges' 20Q, BibleVise, Bible Maximum 45Q, EvergrowingChristians 100Q, TriviaFaithBlog 20Q.
219	Exodus IQ	exodus-iq	knowledge	bible-knowledge	Israel in Egypt, Moses and Pharaoh, Passover, the Red Sea, manna and quail, the golden calf and the tabernacle; scores 0-100	The Exodus is the Old Testament's blockbuster, so a full-journey score has the scope to make a high mark feel earned.	81	FunTrivia 'Exodus: Plagues, Plagues and More Plagues' and Ten Plagues quizzes, Logos and Today.com Exodus questions, BibleChallenger; central high-recognition narrative.
220	Proverbs Wisdom IQ	proverbs-wisdom-iq	knowledge	bible-knowledge	Solomon's sayings on wisdom, the tongue, money, friendship and the fear of the Lord, plus Proverbs 31; scores 0-100	Everyone quotes Proverbs, so a fill-in-the-wisdom score is a fun, quotable challenge that doubles as a humble-brag.	80	ProProfs 'Book of Proverbs Quiz' ~200k attempts, FunTrivia 120 Proverbs questions, Beliefnet 'How well do you know Proverbs', HowStuffWorks fill-in-the-blank Proverbs.
221	Which Gospel Writer Are You?	which-gospel-writer-are-you	archetype	scripture-archetype	Matthew | Mark | Luke | John	Four famous evangelists with four distinct personalities make a clean, debatable I'm-a-Luke badge people screenshot.	86	Aleteia 'Which of the four Gospels are you', SimpleDiscipleship DISC personalities of the Gospel writers, Another12 'Four Unique Voices'; live personality-quiz demand.
222	Which Bible King Are You?	which-bible-king-are-you	archetype	scripture-archetype	Saul | David | Solomon | Hezekiah | Josiah	Kings range from the wise to the tragic, so which-king-rules-like-me is an instantly shareable identity verdict.	86	FunTrivia 'We Three Kings: Saul, David and Solomon', BibleQuizzes.me Saul/David/Solomon, TruPlay King David quiz, Britannica and Study.com king profiles; recognizable cast.
223	Which Bible Villain Are You?	which-bible-villain-are-you	archetype	scripture-archetype	Judas | Pharaoh | Jezebel | Goliath | Herod	A cheeky which-Bible-bad-guy-are-you is high-curiosity, slightly taboo, and irresistibly shareable.	85	EternalBible and BibleParadise 'List of Villains in the Bible', Edugist '12 Bible villains', FunTrivia 'Biblical Heroes and Villains' and 'Bad Guys and Gals'; villains widely cataloged.
224	Which Biblically Accurate Angel Are You?	which-biblically-accurate-angel-are-you	archetype	scripture-archetype	Seraphim | Cherubim | Ophanim (Wheels) | Michael the Archangel | Gabriel the Messenger	Biblically accurate angels are a viral meme, so this rides a trending visual with a shareable I'm-a-Seraph result.	85	uQuiz 'what kind of biblical angel are you' 26k+ takers and 'biblically accurate angel', HerCampus and Quotev versions; 'biblically accurate angels' is a documented meme phenomenon.
225	Which Bible Warrior Are You?	which-bible-warrior-are-you	archetype	scripture-archetype	Joshua | Gideon | David | Samson | Deborah	Famous fighters of faith make a bold, motivational which-warrior-am-I badge that spreads in men's and youth circles.	84	Interact live quiz 'What Bible Warrior Are You' Joshua/Gideon/David/Samson traits, Manhood Journey 'Top 10 Warriors', AveMaria 'Battles and Warriors', WomenInTheBible warriors.
226	Which Judge of Israel Are You?	which-judge-of-israel-are-you	archetype	scripture-archetype	Deborah | Gideon | Samson | Othniel | Jephthah	The judges are colorful, flawed deliverers, so which-unlikely-hero-am-I is a fresh, debatable identity reveal.	83	Bibilium 'Book of Judges Quiz: how well do you know the 12 great judges', FunTrivia 'Judges' 20Q, BibleProject Judges guide; Deborah, Gideon, Samson are vivid options.
227	Which Piece of the Armor of God Are You?	which-piece-of-the-armor-of-god-are-you	archetype	scripture-archetype	Belt of Truth | Breastplate of Righteousness | Shoes of the Gospel of Peace | Shield of Faith | Helmet of Salvation | Sword of the Spirit	Ephesians 6 armor is beloved and visual, so which-piece-am-I turns a famous passage into a strengths-style badge.	83	GotQuestions 'full armor of God', BibleQuizDaily 30Q, LearnReligions Eph 6 study, Sporcle 'Armor of God in order', FunTrivia armor quizzes; six clear, recognizable options.
228	Which Patriarch Are You?	which-patriarch-are-you	archetype	scripture-archetype	Abraham | Isaac | Jacob | Joseph	The founding fathers of faith give a weighty, legacy-flavored I'm-a-Jacob result that sparks family-group debate.	82	Sporcle 'Abraham, Isaac or Jacob' quiz, GotQuestions 'biblical patriarchs', Study.com Patriarchs list, Quizlet Genesis 12-50; canonical, instantly recognizable set.
229	Which Tribe of Israel Are You?	which-tribe-of-israel-are-you	archetype	scripture-archetype	Judah | Levi | Benjamin | Joseph (Ephraim) | Reuben | Dan	Twelve tribes with distinct blessings make a sortable, house-style identity quiz people love to claim and share.	82	uQuiz 'which one of the 12 tribes of Israel do you belong in', FunTrivia 'The Twelve Tribes of Israel', OverviewBible illustrated guide, GotQuestions twelve tribes.
230	Which Old Testament Queen Are You?	which-bible-queen-are-you	archetype	scripture-archetype	Esther | Vashti | Jezebel | Bathsheba | The Queen of Sheba	Royal women from the brave to the infamous make a glamorous, debatable which-queen-am-I badge women love to share.	82	Esther and Vashti from Esther, Jezebel and Bathsheba in Kings, Queen of Sheba in 1 Kings 10; women-of-the-Bible quiz audience is large per BibleQuizDaily and BGodInspired.
231	Which Bible Dreamer Are You?	which-bible-dreamer-are-you	archetype	scripture-archetype	Joseph (the dreamer) | Daniel (the interpreter) | Jacob (the ladder) | Solomon (asked for wisdom) | Pilate's wife (the warning dream)	Dreams and visions are mysterious and personal, so which-Bible-dreamer-am-I is a fresh, intriguing identity hook.	80	Bible Potato and FunTrivia 'Joseph the Dreamer' quizzes, LifeHopeAndTruth 'Interpretation of Dreams' Joseph vs Daniel, Quora Joseph vs Daniel; dreams are a recognized theme.
232	Which Miracle-Working Prophet Are You?	which-miracle-working-prophet-are-you	archetype	scripture-archetype	Moses | Elijah | Elisha | Peter | Paul	The Bible's great miracle-workers make a powerful whose-anointing-matches-me badge distinct from the generic prophet sorter.	80	FunTrivia 'Its A Miracle: Elijah and Elisha' Elijah 16 and Elisha 32 miracles, AgapeBibleStudy miracle charts, DaringEvangelist 'prophets with most miracles'; distinct from existing prophet quiz.
233	Which Bible Feast Are You?	which-bible-feast-are-you	archetype	scripture-archetype	Passover | Pentecost | Tabernacles | Trumpets | Day of Atonement	The biblical feasts are rich with meaning, so which-festival-are-you is a fresh, devotional identity badge.	79	BibleChallenger feasts and fasts quiz, GotQuestions 'Jewish festivals', BibleProject 'Seven Festivals' podcast, FreeBibleStudyGuides festivals; recognizable, distinct set.
234	Which Plague of Egypt Are You?	which-plague-of-egypt-are-you	archetype	scripture-archetype	Blood | Frogs | Darkness | Hail | Locusts | Death of the Firstborn	A tongue-in-cheek which-plague-are-you is darkly funny and shareable, riding the famous ten-plagues lineup.	79	FunTrivia Ten Plagues quizzes, JetPunk '10 Plagues of Egypt', BibleChallenger 21Q, GotQuestions 'meaning and purpose of the ten plagues'; recognizable, fun angle.
235	Which Bible Mountain Are You?	which-bible-mountain-are-you	archetype	scripture-archetype	Sinai (the Law) | Carmel (the showdown) | Moriah (the test) | Mount of Olives (the ascension) | Calvary (the cross)	Mountaintop moments are dramatic and symbolic, so which-sacred-mountain-am-I is a vivid, saveable identity result.	78	St. Paul Center '10 Important Mountains in the Bible', SarelTours mountains of Jerusalem, ArtzaBox 'Mountains of the Bible'; Sinai, Carmel, Moriah, Olives, Calvary are famous.
236	Which Miracle of Jesus Are You?	which-bible-miracle-are-you	archetype	scripture-archetype	Water Into Wine | Walking on Water | Calming the Storm | Feeding the 5000 | Raising Lazarus	The signature nature miracles make a memorable which-wonder-are-you badge distinct from the healing-encounter quiz.	78	FunTrivia 'Miracles of Jesus' and '25 Miracles A-Z', BibleQuizDaily 30Q, HowStuffWorks miracles quiz; nature-miracle set is distinct from existing healing-encounter archetype.
237	Which Name of God Are You Clinging To?	which-name-of-god-are-you	archetype	scripture-archetype	Jehovah Jireh (Provider) | El Roi (the God Who Sees) | El Shaddai (Almighty) | Jehovah Rapha (Healer) | Jehovah Shalom (Peace)	The names of God are deeply devotional, so which-name-of-God-do-you-need-right-now is a tender, highly saveable badge.	80	BlueLetterBible and GotQuestions 'names of God', Abundant Life 'Elohim, Jehovah Jireh, El Roi', LWF, multiple 21-day names-of-God devotionals; rich, recognizable set.
238	Which I AM Statement of Jesus Are You?	which-i-am-statement-of-jesus-are-you	archetype	scripture-archetype	Bread of Life | Light of the World | Good Shepherd | Resurrection and the Life | True Vine	The seven I AM statements are famous and comforting, so which-I-AM-speaks-to-you is a clean, shareable devotional badge.	80	GotQuestions 'seven I AM statements', ThomasNelson, BibleStudyTools and Crosswalk '7 I AM statements', Bible Potato 'I AM Statements' quiz; well-known John 'I am' set.
239	Which Bible City Are You?	which-bible-city-are-you	archetype	scripture-archetype	Jerusalem | Bethlehem | Nazareth | Nineveh | Babylon	Iconic Bible cities carry strong identities, so which-city-are-you is a fun geography-flavored badge people claim.	78	BibleQuizDaily 'Bible Geography' 50Q, Zoo 'In Which Biblical City Did This Happen', BlueLetterBible NT cities, BibleMaximum maps; the Big Six cities are widely taught.
240	Which Day of Creation Are You?	which-day-of-creation-are-you	archetype	scripture-archetype	Day 1: Light | Day 3: Land and Plants | Day 4: Sun, Moon and Stars | Day 5: Sea Creatures and Birds | Day 6: Animals and Humankind	The creation week is universally known, so a light, aesthetic which-day-of-creation-are-you is easy, fun and shareable.	77	Genesis 1 creation account FunTrivia and ProProfs Genesis quizzes, AnswersInGenesis; the days of creation are among the most recognizable Bible content for a low-friction badge.
